11-29-2022_14.52.15,46 49.95132 N 071 14.92830 W
11-29-2022_14.52.16,46 49.95132 N 071 14.92830 W
11-29-2022_14.52.17,46 49.95132 N 071 14.92830 W
11-29-2022_14.52.18,46 49.95202 N 071 14.92465 W
11-29-2022_14.52.19,46 49.95132 N 071 14.92830 W
11-29-2022_14.52.20,46 49.95132 N 071 14.92330 W
11-29-2022_14.52.21,46 49.95132 N 071 14.92830 W
11-29-2022_14.52.22,46 49.95132 N 071 14.92830 W
11-29-2022_14.52.23,46 49.95132 N 071 14.92830 W
11-29-2022_14.52.24,46 49.95202 N 071 14.92465 W
11-29-2022_14.52.25,46 49.95132 N 071 14.92830 W
11-29-2022_14.52.26,46 49.95132 N 071 14.92830 W
11-29-2022_14.52.27,46 49.95202 N 071 14.92465 W
11-29-2022_14.52.28,46 49.95132 N 071 14.92830 W
11-29-2022_14.52.29,46 49.95132 N 071 14.92830 W
11-29-2022_14.52.30,46 49.95202 N 071 14.92465 W
11-29-2022_14.52.31,46 49.95132 N 071 14.92830 W
11-29-2022_14.52.32,46 49.95132 N 071 14.92330 W
11-29-2022_14.52.33,46 49.95132 N 071 14.92830 W
11-29-2022_14.52.34,46 49.95132 N 071 14.92830 W
11-29-2022_14.52.35,46 49.95132 N 071 14.92830 W
11-29-2022_14.52.36,46 49.95202 N 071 14.92465 W
11-29-2022_14.52.37,46 49.95132 N 071 14.92830 W
11-29-2022_14.52.38,46 49.95132 N 071 14.92830 W
11-29-2022_14.52.39,46 49.95132 N 071 14.92830 W
11-29-2022_14.52.40,46 49.95132 N 071 14.92830 W
11-29-2022_14.52.41,46 49.95202 N 071 14.92465 W
11-29-2022_14.52.42,46 49.95132 N 071 14.92830 W
11-29-2022_14.52.43,46 49.95132 N 071 14.92830 W
11-29-2022_14.52.44,46 49.95202 N 071 14.92465 W
11-29-2022_14.52.45,46 49.95132 N 071 14.92830 W
11-29-2022_14.52.46,46 49.95132 N 071 14.92330 W
11-29-2022_14.52.47,46 49.95202 N 071 14.92465 W
11-29-2022_14.52.48,46 49.95132 N 071 14.92830 W
11-29-2022_14.52.49,46 49.95132 N 071 14.92830 W
11-29-2022_14.52.50,46 49.95132 N 071 14.92830 W
11-29-2022_14.52.51,46 49.95132 N 071 14.92830 W
11-29-2022_14.52.52,46 49.95132 N 071 14.92830 W
11-29-2022_14.52.53,46 49.95202 N 071 14.92465 W
11-29-2022_14.52.54,46 49.95132 N 071 14.92830 W
11-29-2022_14.52.55,46 49.95132 N 071 14.92830 W
11-29-2022_14.52.56,46 49.95132 N 071 14.92830 W
11-29-2022_14.52.57,46 49.95132 N 071 14.92830 W
11-29-2022_14.52.58,46 49.95132 N 071 14.92830 W
11-29-2022_14.52.59,46 49.95202 N 071 14.92465 W
11-29-2022_14.53.00,46 49.95132 N 071 14.92830 W
11-29-2022_14.53.01,46 49.95132 N 071 14.92830 W
11-29-2022_14.53.02,46 49.95202 N 071 14.92465 W
11-29-2022_14.53.03,46 49.95132 N 071 14.92830 W
11-29-2022_14.53.04,46 49.95132 N 071 14.92830 W
11-29-2022_14.53.05,46 49.95132 N 071 14.92830 W
11-29-2022_14.53.06,46 49.95202 N 071 14.92465 W
11-29-2022_14.53.07,46 49.95132 N 071 14.92830 W
11-29-2022_14.53.08,46 49.95132 N 071 14.92830 W
11-29-2022_14.53.09,46 49.95132 N 071 14.92830 W
11-29-2022_14.53.10,46 49.95202 N 071 14.92465 W
11-29-2022_14.53.11,46 49.95132 N 071 14.92830 W
11-29-2022_14.53.12,46 49.95132 N 071 14.92830 W
11-29-2022_14.53.13,46 49.95132 N 071 14.92830 W
11-29-2022_14.53.14,46 49.95202 N 071 14.92465 W
11-29-2022_14.53.15,46 49.95132 N 071 14.92830 W
11-29-2022_14.53.16,46 49.95132 N 071 14.92830 W
11-29-2022_14.53.17,46 49.95132 N 071 14.92830 W
11-29-2022_14.53.18,46 49.95132 N 071 14.92830 W
11-29-2022_14.53.19,46 49.95132 N 071 14.92330 W
11-29-2022_14.53.20,46 49.95132 N 071 14.92830 W
11-29-2022_14.53.21,46 49.95132 N 071 14.92830 W
11-29-2022_14.53.22,46 49.95132 N 071 14.92830 W
11-29-2022_14.53.23,46 49.95132 N 071 14.92830 W
11-29-2022_14.53.24,46 49.95132 N 071 14.92830 W
11-29-2022_14.53.25,46 49.95132 N 071 14.92830 W
11-29-2022_14.53.26,46 49.95132 N 071 14.92830 W
11-29-2022_14.53.27,46 49.95132 N 071 14.92830 W
11-29-2022_14.53.28,46 49.95202 N 071 14.92465 W
11-29-2022_14.53.29,46 49.95132 N 071 14.92830 W
11-29-2022_14.53.30,46 49.95132 N 071 14.92830 W
11-29-2022_14.53.31,46 49.95132 N 071 14.92830 W
11-29-2022_14.53.32,46 49.95132 N 071 14.92830 W
11-29-2022_14.53.33,46 49.95132 N 071 14.92830 W
11-29-2022_14.53.34,46 49.95132 N 071 14.92830 W
11-29-2022_14.53.35,46 49.95132 N 071 14.92830 W
11-29-2022_14.53.36,46 49.95202 N 071 14.92465 W
11-29-2022_14.53.37,46 49.95132 N 071 14.92830 W
11-29-2022_14.53.38,46 49.95132 N 071 14.92830 W
11-29-2022_14.53.39,46 49.95132 N 071 14.92830 W
11-29-2022_14.53.40,46 49.95132 N 071 14.92830 W
11-29-2022_14.53.41,46 49.95132 N 071 14.92330 W
11-29-2022_14.53.42,46 49.95132 N 071 14.92830 W
11-29-2022_14.53.43,46 49.95132 N 071 14.92830 W
11-29-2022_14.53.44,46 49.95132 N 071 14.92830 W
11-29-2022_14.53.45,46 49.95132 N 071 14.92830 W
11-29-2022_14.53.46,46 49.95132 N 071 14.92830 W
11-29-2022_14.53.47,46 49.95202 N 071 14.92465 W
11-29-2022_14.53.48,46 49.95132 N 071 14.92830 W
11-29-2022_14.53.49,46 49.95132 N 071 14.92830 W
11-29-2022_14.53.50,46 49.95132 N 071 14.92830 W
11-29-2022_14.53.51,46 49.95132 N 071 14.92830 W
11-29-2022_14.53.52,46 49.95132 N 071 14.92830 W
11-29-2022_14.53.53,46 49.95132 N 071 14.92830 W
11-29-2022_14.53.54,46 49.95132 N 071 14.92830 W
11-29-2022_14.53.55,46 49.95132 N 071 14.92830 W
11-29-2022_14.53.56,46 49.95132 N 071 14.92830 W
11-29-2022_14.53.57,46 49.95132 N 071 14.92830 W
11-29-2022_14.53.58,46 49.95132 N 071 14.92830 W
11-29-2022_14.53.59,46 49.95132 N 071 14.92830 W
11-29-2022_14.54.00,46 49.95202 N 071 14.92465 W
11-29-2022_14.54.01,46 49.95132 N 071 14.92830 W
11-29-2022_14.54.02,46 49.95132 N 071 14.92830 W
11-29-2022_14.54.03,46 49.95202 N 071 14.92465 W
11-29-2022_14.54.04,46 49.95132 N 071 14.92830 W
11-29-2022_14.54.05,46 49.95132 N 071 14.92830 W
11-29-2022_14.54.06,46 49.95132 N 071 14.92830 W
11-29-2022_14.54.07,46 49.95202 N 071 14.92465 W
11-29-2022_14.54.08,46 49.95132 N 071 14.92830 W
11-29-2022_14.54.09,46 49.95132 N 071 14.92830 W
11-29-2022_14.54.10,46 49.95132 N 071 14.92830 W
11-29-2022_14.54.11,46 49.95202 N 071 14.92465 W
11-29-2022_14.54.12,46 49.95132 N 071 14.92830 W
11-29-2022_14.54.13,46 49.95132 N 071 14.92330 W
11-29-2022_14.54.14,46 49.95132 N 071 14.92830 W
11-29-2022_14.54.15,46 49.95132 N 071 14.92830 W
11-29-2022_14.54.16,46 49.95132 N 071 14.92830 W
11-29-2022_14.54.17,46 49.95132 N 071 14.92830 W
11-29-2022_14.54.18,46 49.95202 N 071 14.92465 W
11-29-2022_14.54.19,46 49.95132 N 071 14.92830 W
11-29-2022_14.54.20,46 49.95132 N 071 14.92830 W
11-29-2022_14.54.21,46 49.95132 N 071 14.92830 W
11-29-2022_14.54.22,46 49.95132 N 071 14.92830 W
11-29-2022_14.54.23,46 49.95132 N 071 14.92830 W
11-29-2022_14.54.24,46 49.95132 N 071 14.92830 W
11-29-2022_14.54.25,46 49.95202 N 071 14.92465 W
11-29-2022_14.54.26,46 49.95132 N 071 14.92830 W
11-29-2022_14.54.27,46 49.95132 N 071 14.92830 W
11-29-2022_14.54.28,46 49.95132 N 071 14.92830 W
11-29-2022_14.54.29,46 49.95132 N 071 14.92830 W
11-29-2022_14.54.30,46 49.95132 N 071 14.92830 W
11-29-2022_14.54.31,46 49.95132 N 071 14.92330 W
11-29-2022_14.54.32,46 49.95202 N 071 14.92465 W
11-29-2022_14.54.33,46 49.95132 N 071 14.92830 W
11-29-2022_14.54.34,46 49.95132 N 071 14.92830 W
11-29-2022_14.54.35,46 49.95132 N 071 14.92830 W
11-29-2022_14.54.36,46 49.95132 N 071 14.92830 W
11-29-2022_14.54.37,46 49.95132 N 071 14.92830 W
11-29-2022_14.54.38,46 49.95202 N 071 14.92465 W
11-29-2022_14.54.39,46 49.95132 N 071 14.92830 W
11-29-2022_14.54.40,46 49.95132 N 071 14.92830 W
11-29-2022_14.54.41,46 49.95132 N 071 14.92830 W
11-29-2022_14.54.42,46 49.95132 N 071 14.92830 W
11-29-2022_14.54.43,46 49.95132 N 071 14.92830 W
11-29-2022_14.54.44,46 49.95132 N 071 14.92830 W
11-29-2022_14.54.45,46 49.95132 N 071 14.92830 W
11-29-2022_14.54.46,46 49.95132 N 071 14.92830 W
11-29-2022_14.54.47,46 49.95132 N 071 14.92830 W
11-29-2022_14.54.48,46 49.95132 N 071 14.92830 W
11-29-2022_14.54.49,46 49.95132 N 071 14.92830 W
11-29-2022_14.54.50,46 49.95132 N 071 14.92830 W
11-29-2022_14.54.51,46 49.95132 N 071 14.92830 W
11-29-2022_14.54.52,46 49.95132 N 071 14.92830 W
11-29-2022_14.54.53,46 49.95132 N 071 14.92830 W
11-29-2022_14.54.54,46 49.95132 N 071 14.92830 W
11-29-2022_14.54.55,46 49.95132 N 071 14.92830 W
11-29-2022_14.54.56,46 49.95132 N 071 14.92830 W
11-29-2022_14.54.57,46 49.95132 N 071 14.92830 W
11-29-2022_14.54.58,46 49.95132 N 071 14.92830 W
11-29-2022_14.54.59,46 49.95132 N 071 14.92830 W
11-29-2022_14.55.00,46 49.95132 N 071 14.92830 W
11-29-2022_14.55.01,46 49.95132 N 071 14.92830 W
11-29-2022_14.55.02,46 49.95132 N 071 14.92830 W
11-29-2022_14.55.03,46 49.95132 N 071 14.92830 W
11-29-2022_14.55.04,46 49.95132 N 071 14.92830 W
11-29-2022_14.55.05,46 49.95132 N 071 14.92830 W
11-29-2022_14.55.06,46 49.95132 N 071 14.92830 W
11-29-2022_14.55.07,46 49.95132 N 071 14.92830 W
11-29-2022_14.55.08,46 49.95132 N 071 14.92830 W
11-29-2022_14.55.09,46 49.95132 N 071 14.92830 W
11-29-2022_14.55.10,46 49.95132 N 071 14.92830 W
11-29-2022_14.55.11,46 49.95132 N 071 14.92830 W
11-29-2022_14.55.12,46 49.95132 N 071 14.92830 W
11-29-2022_14.55.13,46 49.95132 N 071 14.92830 W
11-29-2022_14.55.14,46 49.95132 N 071 14.92830 W
11-29-2022_14.55.15,46 49.95132 N 071 14.92830 W
11-29-2022_14.55.16,46 49.95132 N 071 14.92830 W
11-29-2022_14.55.17,46 49.95132 N 071 14.92830 W
11-29-2022_14.55.18,46 49.95132 N 071 14.92830 W
11-29-2022_14.55.19,46 49.95132 N 071 14.92830 W
11-29-2022_14.55.20,46 49.95132 N 071 14.92830 W
11-29-2022_14.55.21,46 49.95132 N 071 14.92830 W
11-29-2022_14.55.22,46 49.95132 N 071 14.92830 W
11-29-2022_14.55.23,46 49.95132 N 071 14.92830 W
11-29-2022_14.55.24,46 49.95132 N 071 14.92830 W
11-29-2022_14.55.25,46 49.95132 N 071 14.92830 W
11-29-2022_14.55.26,46 49.95132 N 071 14.92830 W
11-29-2022_14.55.27,46 49.95132 N 071 14.92830 W
11-29-2022_14.55.28,46 49.95132 N 071 14.92830 W
11-29-2022_14.55.29,46 49.95132 N 071 14.92830 W
11-29-2022_14.55.30,46 49.95132 N 071 14.92830 W
11-29-2022_14.55.31,46 49.95132 N 071 14.92830 W
11-29-2022_14.55.32,46 49.95132 N 071 14.92830 W
11-29-2022_14.55.33,46 49.95132 N 071 14.92830 W
11-29-2022_14.55.34,46 49.95132 N 071 14.92830 W
11-29-2022_14.55.35,46 49.95132 N 071 14.92830 W
11-29-2022_14.55.36,46 49.95132 N 071 14.92830 W
11-29-2022_14.55.37,46 49.95132 N 071 14.92830 W
11-29-2022_14.55.38,46 49.95132 N 071 14.92830 W
11-29-2022_14.55.39,46 49.95132 N 071 14.92830 W
11-29-2022_14.55.40,46 49.95132 N 071 14.92830 W
11-29-2022_14.55.41,46 49.95132 N 071 14.92830 W
11-29-2022_14.55.42,46 49.95132 N 071 14.92830 W
11-29-2022_14.55.43,46 49.95132 N 071 14.92830 W
11-29-2022_14.55.44,46 49.95132 N 071 14.92830 W
11-29-2022_14.55.45,46 49.95132 N 071 14.92830 W
11-29-2022_14.55.46,46 49.95132 N 071 14.92830 W
11-29-2022_14.55.47,46 49.95132 N 071 14.92830 W
11-29-2022_14.55.48,46 49.95132 N 071 14.92830 W
11-29-2022_14.55.49,46 49.95132 N 071 14.92830 W
11-29-2022_14.55.50,46 49.95132 N 071 14.92830 W
11-29-2022_14.55.51,46 49.95132 N 071 14.92830 W
11-29-2022_14.55.52,46 49.95132 N 071 14.92830 W
11-29-2022_14.55.53,46 49.95132 N 071 14.92830 W
11-29-2022_14.55.54,46 49.95132 N 071 14.92830 W
11-29-2022_14.55.55,46 49.95132 N 071 14.92830 W
11-29-2022_14.55.56,46 49.95132 N 071 14.92830 W
11-29-2022_14.55.57,46 49.95132 N 071 14.92830 W
11-29-2022_14.55.58,46 49.95132 N 071 14.92830 W
11-29-2022_14.55.59,46 49.95132 N 071 14.92830 W
11-29-2022_14.56.00,46 49.95132 N 071 14.92830 W
11-29-2022_14.56.01,46 49.95132 N 071 14.92830 W
11-29-2022_14.56.02,46 49.95132 N 071 14.92830 W
11-29-2022_14.56.03,46 49.95132 N 071 14.92830 W
11-29-2022_14.56.04,46 49.95132 N 071 14.92830 W
11-29-2022_14.56.05,46 49.95132 N 071 14.92830 W
11-29-2022_14.56.06,46 49.95132 N 071 14.92830 W
11-29-2022_14.56.07,46 49.95132 N 071 14.92830 W
11-29-2022_14.56.08,46 49.95132 N 071 14.92830 W
11-29-2022_14.56.09,46 49.95132 N 071 14.92830 W
11-29-2022_14.56.10,46 49.95132 N 071 14.92830 W
11-29-2022_14.56.11,46 49.95132 N 071 14.92830 W
11-29-2022_14.56.12,46 49.95132 N 071 14.92830 W
11-29-2022_14.56.13,46 49.95132 N 071 14.92830 W
11-29-2022_14.56.14,46 49.95132 N 071 14.92830 W
11-29-2022_14.56.15,46 49.95132 N 071 14.92830 W
11-29-2022_14.56.16,46 49.95132 N 071 14.92830 W
11-29-2022_14.56.17,46 49.95132 N 071 14.92830 W
11-29-2022_14.56.18,46 49.95132 N 071 14.92830 W
11-29-2022_14.56.19,46 49.95132 N 071 14.92830 W
11-29-2022_14.56.20,46 49.95132 N 071 14.92830 W
11-29-2022_14.56.21,46 49.95132 N 071 14.92830 W
11-29-2022_14.56.22,46 49.95132 N 071 14.92830 W
11-29-2022_14.56.23,46 49.95132 N 071 14.92830 W
11-29-2022_14.56.24,46 49.95132 N 071 14.92830 W
11-29-2022_14.56.25,46 49.95132 N 071 14.92830 W
11-29-2022_14.56.26,46 49.95132 N 071 14.92830 W
11-29-2022_14.56.27,46 49.95132 N 071 14.92830 W
11-29-2022_14.56.28,46 49.95132 N 071 14.92830 W
11-29-2022_14.56.29,46 49.95132 N 071 14.92830 W
11-29-2022_14.56.30,46 49.95132 N 071 14.92830 W
11-29-2022_14.56.31,46 49.95132 N 071 14.92830 W
11-29-2022_14.56.32,46 49.95132 N 071 14.92830 W
11-29-2022_14.56.33,46 49.95132 N 071 14.92830 W
11-29-2022_14.56.34,46 49.95132 N 071 14.92830 W
11-29-2022_14.56.35,46 49.95132 N 071 14.92830 W
11-29-2022_14.56.36,46 49.95132 N 071 14.92830 W
11-29-2022_14.56.37,46 49.95132 N 071 14.92830 W
11-29-2022_14.56.38,46 49.95132 N 071 14.92830 W
11-29-2022_14.56.39,46 49.95132 N 071 14.92830 W
11-29-2022_14.56.40,46 49.95132 N 071 14.92830 W
11-29-2022_14.56.41,46 49.95132 N 071 14.92830 W
11-29-2022_14.56.42,46 49.95132 N 071 14.92830 W
11-29-2022_14.56.43,46 49.95132 N 071 14.92830 W
11-29-2022_14.56.44,46 49.95132 N 071 14.92830 W
11-29-2022_14.56.45,46 49.95132 N 071 14.92830 W
11-29-2022_14.56.46,46 49.95132 N 071 14.92830 W
11-29-2022_14.56.47,46 49.95132 N 071 14.92830 W
11-29-2022_14.56.48,46 49.95132 N 071 14.92830 W
11-29-2022_14.56.49,46 49.95132 N 071 14.92830 W
11-29-2022_14.56.50,46 49.95132 N 071 14.92830 W
11-29-2022_14.56.51,46 49.95132 N 071 14.92830 W
11-29-2022_14.56.52,46 49.95132 N 071 14.92830 W
11-29-2022_14.56.53,46 49.95132 N 071 14.92830 W
11-29-2022_14.56.54,46 49.95132 N 071 14.92830 W
11-29-2022_14.56.55,46 49.95132 N 071 14.92830 W
11-29-2022_14.56.56,46 49.95132 N 071 14.92830 W
11-29-2022_14.56.57,46 49.95132 N 071 14.92830 W
11-29-2022_14.56.58,46 49.95132 N 071 14.92830 W
11-29-2022_14.56.59,46 49.95132 N 071 14.92830 W
11-29-2022_14.57.00,46 49.95132 N 071 14.92830 W
11-29-2022_14.57.01,46 49.95132 N 071 14.92830 W
11-29-2022_14.57.02,46 49.95132 N 071 14.92830 W
11-29-2022_14.57.03,46 49.95132 N 071 14.92830 W
11-29-2022_14.57.04,46 49.95132 N 071 14.92830 W
11-29-2022_14.57.05,46 49.95132 N 071 14.92830 W
11-29-2022_14.57.06,46 49.95132 N 071 14.92830 W
11-29-2022_14.57.07,46 49.95132 N 071 14.92830 W
11-29-2022_14.57.08,46 49.95132 N 071 14.92830 W
11-29-2022_14.57.09,46 49.95132 N 071 14.92830 W
11-29-2022_14.57.10,46 49.95132 N 071 14.92830 W
11-29-2022_14.57.11,46 49.95132 N 071 14.92830 W
11-29-2022_14.57.12,46 49.95132 N 071 14.92830 W
11-29-2022_14.57.13,46 49.95132 N 071 14.92830 W
11-29-2022_14.57.14,46 49.95132 N 071 14.92830 W
11-29-2022_14.57.15,46 49.95132 N 071 14.92830 W
11-29-2022_14.57.16,46 49.95132 N 071 14.92830 W
11-29-2022_14.57.17,46 49.95132 N 071 14.92830 W
11-29-2022_14.57.18,46 49.95132 N 071 14.92830 W
11-29-2022_14.57.19,46 49.95132 N 071 14.92830 W
11-29-2022_14.57.20,46 49.95132 N 071 14.92830 W
11-29-2022_14.57.21,46 49.95132 N 071 14.92830 W
11-29-2022_14.57.22,46 49.95132 N 071 14.92830 W
11-29-2022_14.57.23,46 49.95132 N 071 14.92830 W
11-29-2022_14.57.24,46 49.95132 N 071 14.92830 W
11-29-2022_14.57.25,46 49.95132 N 071 14.92830 W
11-29-2022_14.57.26,46 49.95132 N 071 14.92830 W
11-29-2022_14.57.27,46 49.95132 N 071 14.92830 W
11-29-2022_14.57.28,46 49.95132 N 071 14.92830 W
11-29-2022_14.57.29,46 49.95132 N 071 14.92830 W
11-29-2022_14.57.30,46 49.95132 N 071 14.92830 W
11-29-2022_14.57.31,46 49.95132 N 071 14.92830 W
11-29-2022_14.57.32,46 49.95132 N 071 14.92830 W
11-29-2022_14.57.33,46 49.95132 N 071 14.92830 W
11-29-2022_14.57.34,46 49.95132 N 071 14.92830 W
11-29-2022_14.57.35,46 49.95132 N 071 14.92830 W
11-29-2022_14.57.36,46 49.95132 N 071 14.92830 W
11-29-2022_14.57.37,46 49.95132 N 071 14.92830 W
11-29-2022_14.57.38,46 49.95132 N 071 14.92830 W
11-29-2022_14.57.39,46 49.95132 N 071 14.92830 W
11-29-2022_14.57.40,46 49.95132 N 071 14.92830 W
11-29-2022_14.57.41,46 49.95132 N 071 14.92830 W
11-29-2022_14.57.42,46 49.95132 N 071 14.92830 W
11-29-2022_14.57.43,46 49.95132 N 071 14.92830 W
11-29-2022_14.57.44,46 49.95132 N 071 14.92830 W
11-29-2022_14.57.45,46 49.95132 N 071 14.92830 W
11-29-2022_14.57.46,46 49.95132 N 071 14.92830 W
11-29-2022_14.57.47,46 49.95132 N 071 14.92830 W
11-29-2022_14.57.48,46 49.95132 N 071 14.92830 W
11-29-2022_14.57.49,46 49.95132 N 071 14.92830 W
11-29-2022_14.57.50,46 49.95132 N 071 14.92830 W
11-29-2022_14.57.51,46 49.95132 N 071 14.92830 W
11-29-2022_14.57.52,46 49.95132 N 071 14.92830 W
11-29-2022_14.57.53,46 49.95132 N 071 14.92830 W
11-29-2022_14.57.54,46 49.95132 N 071 14.92830 W
11-29-2022_14.57.55,46 49.95132 N 071 14.92830 W
11-29-2022_14.57.56,46 49.95132 N 071 14.92830 W
11-29-2022_14.57.57,46 49.95132 N 071 14.92830 W
11-29-2022_14.57.58,46 49.95132 N 071 14.92830 W
11-29-2022_14.57.59,46 49.95132 N 071 14.92830 W
11-29-2022_14.58.00,46 49.95132 N 071 14.92830 W
11-29-2022_14.58.01,46 49.95132 N 071 14.92830 W
11-29-2022_14.58.02,46 49.95132 N 071 14.92830 W
11-29-2022_14.58.03,46 49.95132 N 071 14.92830 W
11-29-2022_14.58.04,46 49.95132 N 071 14.92830 W
11-29-2022_14.58.05,46 49.95132 N 071 14.92830 W
11-29-2022_14.58.06,46 49.95132 N 071 14.92830 W
11-29-2022_14.58.07,46 49.95132 N 071 14.92830 W
11-29-2022_14.58.08,46 49.95132 N 071 14.92830 W
11-29-2022_14.58.09,46 49.95132 N 071 14.92830 W
11-29-2022_14.58.10,46 49.95132 N 071 14.92830 W
11-29-2022_14.58.11,46 49.95132 N 071 14.92830 W
11-29-2022_14.58.12,46 49.95132 N 071 14.92830 W
11-29-2022_14.58.13,46 49.95132 N 071 14.92830 W
11-29-2022_14.58.14,46 49.95132 N 071 14.92830 W
11-29-2022_14.58.15,46 49.95132 N 071 14.92830 W
11-29-2022_14.58.16,46 49.95132 N 071 14.92830 W
11-29-2022_14.58.17,46 49.95132 N 071 14.92830 W
11-29-2022_14.58.18,46 49.95132 N 071 14.92830 W
11-29-2022_14.58.19,46 49.95132 N 071 14.92830 W
11-29-2022_14.58.20,46 49.95132 N 071 14.92830 W
11-29-2022_14.58.21,46 49.95132 N 071 14.92830 W
11-29-2022_14.58.22,46 49.95132 N 071 14.92830 W
11-29-2022_14.58.23,46 49.95132 N 071 14.92830 W
11-29-2022_14.58.24,46 49.95132 N 071 14.92830 W
11-29-2022_14.58.25,46 49.95132 N 071 14.92830 W
11-29-2022_14.58.26,46 49.95132 N 071 14.92830 W
11-29-2022_14.58.27,46 49.95132 N 071 14.92830 W
11-29-2022_14.58.28,46 49.95132 N 071 14.92830 W
11-29-2022_14.58.29,46 49.95132 N 071 14.92830 W
11-29-2022_14.58.30,46 49.95132 N 071 14.92830 W
11-29-2022_14.58.31,46 49.95132 N 071 14.92830 W
11-29-2022_14.58.32,46 49.95132 N 071 14.92830 W
11-29-2022_14.58.33,46 49.95132 N 071 14.92830 W
11-29-2022_14.58.34,46 49.95132 N 071 14.92830 W
11-29-2022_14.58.35,46 49.95132 N 071 14.92830 W
11-29-2022_14.58.36,46 49.95132 N 071 14.92830 W
11-29-2022_14.58.37,46 49.95132 N 071 14.92830 W
11-29-2022_14.58.38,46 49.95132 N 071 14.92830 W
11-29-2022_14.58.39,46 49.95132 N 071 14.92830 W
11-29-2022_14.58.40,46 49.95132 N 071 14.92830 W
11-29-2022_14.58.41,46 49.95132 N 071 14.92830 W
11-29-2022_14.58.42,46 49.95132 N 071 14.92830 W
11-29-2022_14.58.43,46 49.95132 N 071 14.92830 W
11-29-2022_14.58.44,46 49.95132 N 071 14.92830 W
11-29-2022_14.58.45,46 49.95132 N 071 14.92830 W
11-29-2022_14.58.46,46 49.95132 N 071 14.92830 W
11-29-2022_14.58.47,46 49.95132 N 071 14.92830 W
11-29-2022_14.58.48,46 49.95132 N 071 14.92830 W
11-29-2022_14.58.49,46 49.95132 N 071 14.92830 W
11-29-2022_14.58.50,46 49.95132 N 071 14.92830 W
11-29-2022_14.58.51,46 49.95132 N 071 14.92830 W
11-29-2022_14.58.52,46 49.95132 N 071 14.92830 W
11-29-2022_14.58.53,46 49.95132 N 071 14.92830 W
11-29-2022_14.58.54,46 49.95132 N 071 14.92830 W
11-29-2022_14.58.55,46 49.95132 N 071 14.92830 W
11-29-2022_14.58.56,46 49.95132 N 071 14.92830 W
11-29-2022_14.58.57,46 49.95132 N 071 14.92830 W
11-29-2022_14.58.58,46 49.95132 N 071 14.92830 W
11-29-2022_14.58.59,46 49.95132 N 071 14.92830 W
11-29-2022_14.59.00,46 49.95132 N 071 14.92830 W
11-29-2022_14.59.01,46 49.95132 N 071 14.92830 W
11-29-2022_14.59.02,46 49.95132 N 071 14.92830 W
11-29-2022_14.59.03,46 49.95132 N 071 14.92830 W
11-29-2022_14.59.04,46 49.95132 N 071 14.92830 W
11-29-2022_14.59.05,46 49.95132 N 071 14.92830 W
11-29-2022_14.59.06,46 49.95132 N 071 14.92830 W
11-29-2022_14.59.07,46 49.95132 N 071 14.92830 W
11-29-2022_14.59.08,46 49.95132 N 071 14.92830 W
11-29-2022_14.59.09,46 49.95132 N 071 14.92830 W
11-29-2022_14.59.10,46 49.95132 N 071 14.92830 W
11-29-2022_14.59.11,46 49.95132 N 071 14.92830 W
11-29-2022_14.59.12,46 49.95132 N 071 14.92830 W
11-29-2022_14.59.13,46 49.95132 N 071 14.92830 W
11-29-2022_14.59.14,46 49.95132 N 071 14.92830 W
11-29-2022_14.59.15,46 49.95132 N 071 14.92830 W
11-29-2022_14.59.16,46 49.95132 N 071 14.92830 W
11-29-2022_14.59.17,46 49.95132 N 071 14.92830 W
11-29-2022_14.59.18,46 49.95132 N 071 14.92830 W
11-29-2022_14.59.19,46 49.95132 N 071 14.92830 W
11-29-2022_14.59.20,46 49.95132 N 071 14.92830 W
11-29-2022_14.59.21,46 49.95132 N 071 14.92830 W
11-29-2022_14.59.22,46 49.95132 N 071 14.92830 W
11-29-2022_14.59.23,46 49.95132 N 071 14.92830 W
11-29-2022_14.59.24,46 49.95132 N 071 14.92830 W
11-29-2022_14.59.25,46 49.95132 N 071 14.92830 W
11-29-2022_14.59.26,46 49.95132 N 071 14.92830 W
11-29-2022_14.59.27,46 49.95132 N 071 14.92830 W
11-29-2022_14.59.28,46 49.95132 N 071 14.92830 W
11-29-2022_14.59.29,46 49.95132 N 071 14.92830 W
11-29-2022_14.59.30,46 49.95132 N 071 14.92830 W
11-29-2022_14.59.31,46 49.95132 N 071 14.92830 W
11-29-2022_14.59.32,46 49.95132 N 071 14.92830 W
11-29-2022_14.59.33,46 49.95132 N 071 14.92830 W
11-29-2022_14.59.34,46 49.95132 N 071 14.92830 W
11-29-2022_14.59.35,46 49.95132 N 071 14.92830 W
11-29-2022_14.59.36,46 49.95132 N 071 14.92830 W
11-29-2022_14.59.37,46 49.95132 N 071 14.92830 W
11-29-2022_14.59.38,46 49.95132 N 071 14.92830 W
11-29-2022_14.59.39,46 49.95132 N 071 14.92830 W
11-29-2022_14.59.40,46 49.95132 N 071 14.92830 W
11-29-2022_14.59.41,46 49.95132 N 071 14.92830 W
11-29-2022_14.59.42,46 49.95132 N 071 14.92830 W
11-29-2022_14.59.43,46 49.95132 N 071 14.92830 W
11-29-2022_14.59.44,46 49.95132 N 071 14.92830 W
11-29-2022_14.59.45,46 49.95132 N 071 14.92830 W
11-29-2022_14.59.46,46 49.95132 N 071 14.92830 W
11-29-2022_14.59.47,46 49.95132 N 071 14.92830 W
11-29-2022_14.59.48,46 49.95132 N 071 14.92830 W
11-29-2022_14.59.49,46 49.95132 N 071 14.92830 W
11-29-2022_14.59.50,46 49.95132 N 071 14.92830 W
11-29-2022_14.59.51,46 49.95132 N 071 14.92830 W
11-29-2022_14.59.52,46 49.95132 N 071 14.92830 W
11-29-2022_14.59.53,46 49.95132 N 071 14.92830 W
11-29-2022_14.59.54,46 49.95132 N 071 14.92830 W
11-29-2022_14.59.55,46 49.95132 N 071 14.92830 W
11-29-2022_14.59.56,46 49.95132 N 071 14.92830 W
11-29-2022_14.59.57,46 49.95132 N 071 14.92830 W
11-29-2022_14.59.58,46 49.95132 N 071 14.92830 W
11-29-2022_14.59.59,46 49.95132 N 071 14.92830 W
11-29-2022_15.00.00,46 49.95132 N 071 14.92830 W
11-29-2022_15.00.01,46 49.95132 N 071 14.92830 W
11-29-2022_15.00.02,46 49.95132 N 071 14.92830 W
11-29-2022_15.00.03,46 49.95132 N 071 14.92830 W
11-29-2022_15.00.04,46 49.95132 N 071 14.92830 W
11-29-2022_15.00.05,46 49.95132 N 071 14.92830 W
11-29-2022_15.00.06,46 49.95132 N 071 14.92830 W
11-29-2022_15.00.07,46 49.95132 N 071 14.92830 W
11-29-2022_15.00.08,46 49.95132 N 071 14.92830 W
11-29-2022_15.00.09,46 49.95132 N 071 14.92830 W
11-29-2022_15.00.10,46 49.95132 N 071 14.92830 W
11-29-2022_15.00.11,46 49.95132 N 071 14.92830 W
11-29-2022_15.00.12,46 49.95132 N 071 14.92830 W
11-29-2022_15.00.13,46 49.95132 N 071 14.92830 W
11-29-2022_15.00.14,46 49.95132 N 071 14.92830 W
11-29-2022_15.00.15,46 49.95132 N 071 14.92830 W
11-29-2022_15.00.16,46 49.95132 N 071 14.92830 W
11-29-2022_15.00.17,46 49.95132 N 071 14.92830 W
11-29-2022_15.00.18,46 49.95132 N 071 14.92830 W
11-29-2022_15.00.19,46 49.95132 N 071 14.92830 W
11-29-2022_15.00.20,46 49.95132 N 071 14.92830 W
11-29-2022_15.00.21,46 49.95132 N 071 14.92830 W
11-29-2022_15.00.22,46 49.95132 N 071 14.92830 W
11-29-2022_15.00.23,46 49.95132 N 071 14.92830 W
11-29-2022_15.00.24,46 49.95132 N 071 14.92830 W
11-29-2022_15.00.25,46 49.95132 N 071 14.92830 W
11-29-2022_15.00.26,46 49.95132 N 071 14.92830 W
11-29-2022_15.00.27,46 49.95132 N 071 14.92830 W
11-29-2022_15.00.28,46 49.95132 N 071 14.92830 W
11-29-2022_15.00.29,46 49.95132 N 071 14.92830 W
11-29-2022_15.00.30,46 49.95132 N 071 14.92830 W
11-29-2022_15.00.31,46 49.95132 N 071 14.92830 W
11-29-2022_15.00.32,46 49.95132 N 071 14.92830 W
11-29-2022_15.00.33,46 49.95132 N 071 14.92830 W
11-29-2022_15.00.34,46 49.95132 N 071 14.92830 W
11-29-2022_15.00.35,46 49.95132 N 071 14.92830 W
11-29-2022_15.00.36,46 49.95132 N 071 14.92830 W
11-29-2022_15.00.37,46 49.95132 N 071 14.92830 W
11-29-2022_15.00.38,46 49.95132 N 071 14.92830 W
11-29-2022_15.00.39,46 49.95132 N 071 14.92830 W
11-29-2022_15.00.40,46 49.95132 N 071 14.92830 W
11-29-2022_15.00.41,46 49.95132 N 071 14.92830 W
11-29-2022_15.00.42,46 49.95132 N 071 14.92830 W
11-29-2022_15.00.43,46 49.95132 N 071 14.92830 W
11-29-2022_15.00.44,46 49.95132 N 071 14.92830 W
11-29-2022_15.00.45,46 49.95132 N 071 14.92830 W
11-29-2022_15.00.46,46 49.95132 N 071 14.92830 W
11-29-2022_15.00.47,46 49.95132 N 071 14.92830 W
11-29-2022_15.00.48,46 49.95132 N 071 14.92830 W
11-29-2022_15.00.49,46 49.95132 N 071 14.92830 W
11-29-2022_15.00.50,46 49.95132 N 071 14.92830 W
11-29-2022_15.00.51,46 49.95132 N 071 14.92830 W
11-29-2022_15.00.52,46 49.95132 N 071 14.92830 W
11-29-2022_15.00.53,46 49.95132 N 071 14.92830 W
11-29-2022_15.00.54,46 49.95132 N 071 14.92830 W
11-29-2022_15.00.55,46 49.95132 N 071 14.92830 W
11-29-2022_15.00.56,46 49.95132 N 071 14.92830 W
11-29-2022_15.00.57,46 49.95132 N 071 14.92830 W
11-29-2022_15.00.58,46 49.95132 N 071 14.92830 W
11-29-2022_15.00.59,46 49.95132 N 071 14.92830 W
11-29-2022_15.01.00,46 49.95132 N 071 14.92830 W
11-29-2022_15.01.01,46 49.95132 N 071 14.92830 W
11-29-2022_15.01.02,46 49.95132 N 071 14.92830 W
11-29-2022_15.01.03,46 49.95132 N 071 14.92830 W
11-29-2022_15.01.04,46 49.95132 N 071 14.92830 W
11-29-2022_15.01.05,46 49.95132 N 071 14.92830 W
11-29-2022_15.01.06,46 49.95132 N 071 14.92830 W
11-29-2022_15.01.07,46 49.95132 N 071 14.92830 W
11-29-2022_15.01.08,46 49.95132 N 071 14.92830 W
11-29-2022_15.01.09,46 49.95132 N 071 14.92830 W
11-29-2022_15.01.10,46 49.95132 N 071 14.92830 W
11-29-2022_15.01.11,46 49.95132 N 071 14.92830 W
11-29-2022_15.01.12,46 49.95132 N 071 14.92830 W
11-29-2022_15.01.13,46 49.95132 N 071 14.92830 W
11-29-2022_15.01.14,46 49.95132 N 071 14.92830 W
11-29-2022_15.01.15,46 49.95132 N 071 14.92830 W
11-29-2022_15.01.16,46 49.95132 N 071 14.92830 W
11-29-2022_15.01.17,46 49.95132 N 071 14.92830 W
11-29-2022_15.01.18,46 49.95132 N 071 14.92830 W
11-29-2022_15.01.19,46 49.95132 N 071 14.92830 W
11-29-2022_15.01.20,46 49.95132 N 071 14.92830 W
11-29-2022_15.01.21,46 49.95132 N 071 14.92830 W
11-29-2022_15.01.22,46 49.95132 N 071 14.92830 W
11-29-2022_15.01.23,46 49.95132 N 071 14.92830 W
11-29-2022_15.01.24,46 49.95132 N 071 14.92830 W
11-29-2022_15.01.25,46 49.95132 N 071 14.92830 W
11-29-2022_15.01.26,46 49.95132 N 071 14.92830 W
11-29-2022_15.01.27,46 49.95132 N 071 14.92830 W
11-29-2022_15.01.28,46 49.95132 N 071 14.92830 W
11-29-2022_15.01.29,46 49.95132 N 071 14.92830 W
11-29-2022_15.01.30,46 49.95132 N 071 14.92830 W
11-29-2022_15.01.31,46 49.95132 N 071 14.92830 W
11-29-2022_15.01.32,46 49.95132 N 071 14.92830 W
11-29-2022_15.01.33,46 49.95132 N 071 14.92830 W
11-29-2022_15.01.34,46 49.95132 N 071 14.92830 W
11-29-2022_15.01.35,46 49.95132 N 071 14.92830 W
11-29-2022_15.01.36,46 49.95132 N 071 14.92830 W
11-29-2022_15.01.37,46 49.95132 N 071 14.92830 W
11-29-2022_15.01.38,46 49.95132 N 071 14.92830 W
11-29-2022_15.01.39,46 49.95132 N 071 14.92830 W
11-29-2022_15.01.40,46 49.95132 N 071 14.92830 W
11-29-2022_15.01.41,46 49.95132 N 071 14.92830 W
11-29-2022_15.01.42,46 49.95132 N 071 14.92830 W
11-29-2022_15.01.43,46 49.95132 N 071 14.92830 W
11-29-2022_15.01.44,46 49.95132 N 071 14.92830 W
11-29-2022_15.01.45,46 49.95132 N 071 14.92830 W
11-29-2022_15.01.46,46 49.95132 N 071 14.92830 W
11-29-2022_15.01.47,46 49.95132 N 071 14.92830 W
11-29-2022_15.01.48,46 49.95132 N 071 14.92830 W
11-29-2022_15.01.49,46 49.95132 N 071 14.92830 W
11-29-2022_15.01.50,46 49.95132 N 071 14.92830 W
11-29-2022_15.01.51,46 49.95132 N 071 14.92830 W
11-29-2022_15.01.52,46 49.95132 N 071 14.92830 W
11-29-2022_15.01.53,46 49.95132 N 071 14.92830 W
11-29-2022_15.01.54,46 49.95132 N 071 14.92830 W
11-29-2022_15.01.55,46 49.95132 N 071 14.92830 W
11-29-2022_15.01.56,46 49.95132 N 071 14.92830 W
11-29-2022_15.01.57,46 49.95132 N 071 14.92830 W
11-29-2022_15.01.58,46 49.95132 N 071 14.92830 W
11-29-2022_15.01.59,46 49.95132 N 071 14.92830 W
11-29-2022_15.02.00,46 49.95132 N 071 14.92830 W
11-29-2022_15.02.01,46 49.95132 N 071 14.92830 W
11-29-2022_15.02.02,46 49.95132 N 071 14.92830 W
11-29-2022_15.02.03,46 49.95132 N 071 14.92830 W
11-29-2022_15.02.04,46 49.95132 N 071 14.92830 W
11-29-2022_15.02.05,46 49.95132 N 071 14.92830 W
11-29-2022_15.02.06,46 49.95132 N 071 14.92830 W
11-29-2022_15.02.07,46 49.95132 N 071 14.92830 W
11-29-2022_15.02.08,46 49.95132 N 071 14.92830 W
11-29-2022_15.02.09,46 49.95132 N 071 14.92830 W
11-29-2022_15.02.10,46 49.95132 N 071 14.92830 W
11-29-2022_15.02.11,46 49.95132 N 071 14.92830 W
11-29-2022_15.02.12,46 49.95132 N 071 14.92830 W
11-29-2022_15.02.13,46 49.95132 N 071 14.92830 W
11-29-2022_15.02.14,46 49.95132 N 071 14.92830 W
11-29-2022_15.02.15,46 49.95132 N 071 14.92830 W
11-29-2022_15.02.16,46 49.95132 N 071 14.92830 W
11-29-2022_15.02.17,46 49.95132 N 071 14.92830 W
11-29-2022_15.02.18,46 49.95132 N 071 14.92830 W
11-29-2022_15.02.19,46 49.95132 N 071 14.92830 W
11-29-2022_15.02.20,46 49.95132 N 071 14.92830 W
11-29-2022_15.02.21,46 49.95132 N 071 14.92830 W
11-29-2022_15.02.22,46 49.95132 N 071 14.92830 W
11-29-2022_15.02.23,46 49.95132 N 071 14.92830 W
11-29-2022_15.02.24,46 49.95132 N 071 14.92830 W
11-29-2022_15.02.25,46 49.95132 N 071 14.92830 W
11-29-2022_15.02.26,46 49.95132 N 071 14.92830 W
11-29-2022_15.02.27,46 49.95132 N 071 14.92830 W
11-29-2022_15.02.28,46 49.95132 N 071 14.92830 W
11-29-2022_15.02.29,46 49.95132 N 071 14.92830 W
11-29-2022_15.02.30,46 49.95132 N 071 14.92830 W
11-29-2022_15.02.31,46 49.95132 N 071 14.92830 W
11-29-2022_15.02.32,46 49.95132 N 071 14.92830 W
11-29-2022_15.02.33,46 49.95132 N 071 14.92830 W
11-29-2022_15.02.34,46 49.95132 N 071 14.92830 W
11-29-2022_15.02.35,46 49.95132 N 071 14.92830 W
11-29-2022_15.02.36,46 49.95132 N 071 14.92830 W
11-29-2022_15.02.37,46 49.95132 N 071 14.92830 W
11-29-2022_15.02.38,46 49.95132 N 071 14.92830 W
11-29-2022_15.02.39,46 49.95132 N 071 14.92830 W
11-29-2022_15.02.40,46 49.95132 N 071 14.92830 W
11-29-2022_15.02.41,46 49.95132 N 071 14.92830 W
11-29-2022_15.02.42,46 49.95132 N 071 14.92830 W
11-29-2022_15.02.43,46 49.95132 N 071 14.92830 W
11-29-2022_15.02.44,46 49.95132 N 071 14.92830 W
11-29-2022_15.02.45,46 49.95132 N 071 14.92830 W
11-29-2022_15.02.46,46 49.95132 N 071 14.92830 W
11-29-2022_15.02.47,46 49.95132 N 071 14.92830 W
11-29-2022_15.02.48,46 49.95132 N 071 14.92830 W
11-29-2022_15.02.49,46 49.95132 N 071 14.92830 W
11-29-2022_15.02.50,46 49.95132 N 071 14.92830 W
11-29-2022_15.02.51,46 49.95132 N 071 14.92830 W
11-29-2022_15.02.52,46 49.95132 N 071 14.92830 W
11-29-2022_15.02.53,46 49.95132 N 071 14.92830 W
11-29-2022_15.02.54,46 49.95132 N 071 14.92830 W
11-29-2022_15.02.55,46 49.95132 N 071 14.92830 W
11-29-2022_15.02.56,46 49.95132 N 071 14.92830 W
11-29-2022_15.02.57,46 49.95132 N 071 14.92830 W
11-29-2022_15.02.58,46 49.95132 N 071 14.92830 W
11-29-2022_15.02.59,46 49.95132 N 071 14.92830 W
11-29-2022_15.03.00,46 49.95132 N 071 14.92830 W
11-29-2022_15.03.01,46 49.95132 N 071 14.92830 W
11-29-2022_15.03.02,46 49.95132 N 071 14.92830 W
11-29-2022_15.03.03,46 49.95132 N 071 14.92830 W
11-29-2022_15.03.04,46 49.95132 N 071 14.92830 W
11-29-2022_15.03.05,46 49.95132 N 071 14.92830 W
11-29-2022_15.03.06,46 49.95132 N 071 14.92830 W
11-29-2022_15.03.07,46 49.95132 N 071 14.92830 W
11-29-2022_15.03.08,46 49.95132 N 071 14.92830 W
11-29-2022_15.03.09,46 49.95132 N 071 14.92830 W
11-29-2022_15.03.10,46 49.95132 N 071 14.92830 W
11-29-2022_15.03.11,46 49.95132 N 071 14.92830 W
11-29-2022_15.03.12,46 49.95132 N 071 14.92830 W
11-29-2022_15.03.13,46 49.95132 N 071 14.92830 W
11-29-2022_15.03.14,46 49.95132 N 071 14.92830 W
11-29-2022_15.03.15,46 49.95132 N 071 14.92830 W
11-29-2022_15.03.16,46 49.95132 N 071 14.92830 W
11-29-2022_15.03.17,46 49.95132 N 071 14.92830 W
11-29-2022_15.03.18,46 49.95132 N 071 14.92830 W
11-29-2022_15.03.19,46 49.95132 N 071 14.92830 W
11-29-2022_15.03.20,46 49.95132 N 071 14.92830 W
11-29-2022_15.03.21,46 49.95132 N 071 14.92830 W
11-29-2022_15.03.22,46 49.95132 N 071 14.92830 W
11-29-2022_15.03.23,46 49.95132 N 071 14.92830 W
11-29-2022_15.03.24,46 49.95132 N 071 14.92830 W
11-29-2022_15.03.25,46 49.95132 N 071 14.92830 W
11-29-2022_15.03.26,46 49.95132 N 071 14.92830 W
11-29-2022_15.03.27,46 49.95132 N 071 14.92830 W
11-29-2022_15.03.28,46 49.95132 N 071 14.92830 W
11-29-2022_15.03.29,46 49.95132 N 071 14.92830 W
11-29-2022_15.03.30,46 49.95132 N 071 14.92830 W
11-29-2022_15.03.31,46 49.95132 N 071 14.92830 W
11-29-2022_15.03.32,46 49.95132 N 071 14.92830 W
11-29-2022_15.03.33,46 49.95132 N 071 14.92830 W
11-29-2022_15.03.34,46 49.95132 N 071 14.92830 W
11-29-2022_15.03.35,46 49.95132 N 071 14.92830 W
11-29-2022_15.03.36,46 49.95132 N 071 14.92830 W
11-29-2022_15.03.37,46 49.95132 N 071 14.92830 W
11-29-2022_15.03.38,46 49.95132 N 071 14.92830 W
11-29-2022_15.03.39,46 49.95132 N 071 14.92830 W
11-29-2022_15.03.40,46 49.95132 N 071 14.92830 W
11-29-2022_15.03.41,46 49.95132 N 071 14.92830 W
11-29-2022_15.03.42,46 49.95132 N 071 14.92830 W
11-29-2022_15.03.43,46 49.95132 N 071 14.92830 W
11-29-2022_15.03.44,46 49.95132 N 071 14.92830 W
11-29-2022_15.03.45,46 49.95132 N 071 14.92830 W
11-29-2022_15.03.46,46 49.95132 N 071 14.92830 W
11-29-2022_15.03.47,46 49.95132 N 071 14.92830 W
11-29-2022_15.03.48,46 49.95132 N 071 14.92830 W
11-29-2022_15.03.49,46 49.95132 N 071 14.92830 W
11-29-2022_15.03.50,46 49.95132 N 071 14.92830 W
11-29-2022_15.03.51,46 49.95132 N 071 14.92830 W
11-29-2022_15.03.52,46 49.95132 N 071 14.92830 W
11-29-2022_15.03.53,46 49.95132 N 071 14.92830 W
11-29-2022_15.03.54,46 49.95132 N 071 14.92830 W
11-29-2022_15.03.55,46 49.95132 N 071 14.92830 W
11-29-2022_15.03.56,46 49.95132 N 071 14.92830 W
11-29-2022_15.03.57,46 49.95132 N 071 14.92830 W
11-29-2022_15.03.58,46 49.95132 N 071 14.92830 W
11-29-2022_15.03.59,46 49.95132 N 071 14.92830 W
11-29-2022_15.04.00,46 49.95132 N 071 14.92830 W
11-29-2022_15.04.01,46 49.95132 N 071 14.92830 W
11-29-2022_15.04.02,46 49.95132 N 071 14.92830 W
11-29-2022_15.04.03,46 49.95132 N 071 14.92830 W
11-29-2022_15.04.04,46 49.95132 N 071 14.92830 W
11-29-2022_15.04.05,46 49.95132 N 071 14.92830 W
11-29-2022_15.04.06,46 49.95132 N 071 14.92830 W
11-29-2022_15.04.07,46 49.95132 N 071 14.92830 W
11-29-2022_15.04.08,46 49.95132 N 071 14.92830 W
11-29-2022_15.04.09,46 49.95132 N 071 14.92830 W
11-29-2022_15.04.10,46 49.95132 N 071 14.92830 W
11-29-2022_15.04.11,46 49.95132 N 071 14.92830 W
11-29-2022_15.04.12,46 49.95132 N 071 14.92830 W
11-29-2022_15.04.13,46 49.95132 N 071 14.92830 W
11-29-2022_15.04.14,46 49.95132 N 071 14.92830 W
11-29-2022_15.04.15,46 49.95132 N 071 14.92830 W
11-29-2022_15.04.16,46 49.95132 N 071 14.92830 W
11-29-2022_15.04.17,46 49.95132 N 071 14.92330 W
11-29-2022_15.04.18,46 49.95132 N 071 14.92830 W
11-29-2022_15.04.19,46 49.95132 N 071 14.92830 W
11-29-2022_15.04.20,46 49.95132 N 071 14.92830 W
11-29-2022_15.04.21,46 49.95132 N 071 14.92830 W
11-29-2022_15.04.22,46 49.95132 N 071 14.92830 W
11-29-2022_15.04.23,46 49.95132 N 071 14.92830 W
11-29-2022_15.04.24,46 49.95132 N 071 14.92830 W
11-29-2022_15.04.25,46 49.95132 N 071 14.92830 W
11-29-2022_15.04.26,46 49.95132 N 071 14.92830 W
11-29-2022_15.04.27,46 49.95132 N 071 14.92830 W
11-29-2022_15.04.28,46 49.95132 N 071 14.92830 W
11-29-2022_15.04.29,46 49.95132 N 071 14.92830 W
11-29-2022_15.04.30,46 49.95132 N 071 14.92830 W
11-29-2022_15.04.31,46 49.95132 N 071 14.92830 W
11-29-2022_15.04.32,46 49.95132 N 071 14.92830 W
11-29-2022_15.04.33,46 49.95132 N 071 14.92830 W
11-29-2022_15.04.34,46 49.95132 N 071 14.92830 W
11-29-2022_15.04.35,46 49.95132 N 071 14.92830 W
11-29-2022_15.04.36,46 49.95132 N 071 14.92830 W
11-29-2022_15.04.37,46 49.95132 N 071 14.92830 W
11-29-2022_15.04.38,46 49.95132 N 071 14.92830 W
11-29-2022_15.04.39,46 49.95132 N 071 14.92830 W
11-29-2022_15.04.40,46 49.95132 N 071 14.92830 W
11-29-2022_15.04.41,46 49.95132 N 071 14.92830 W
11-29-2022_15.04.42,46 49.95132 N 071 14.92830 W
11-29-2022_15.04.43,46 49.95132 N 071 14.92830 W
11-29-2022_15.04.44,46 49.95132 N 071 14.92830 W
11-29-2022_15.04.45,46 49.95132 N 071 14.92830 W
11-29-2022_15.04.46,46 49.95132 N 071 14.92830 W
11-29-2022_15.04.47,46 49.95132 N 071 14.92830 W
11-29-2022_15.04.48,46 49.95132 N 071 14.92830 W
11-29-2022_15.04.49,46 49.95132 N 071 14.92830 W
11-29-2022_15.04.50,46 49.95132 N 071 14.92830 W
11-29-2022_15.04.51,46 49.95132 N 071 14.92830 W
11-29-2022_15.04.52,46 49.95132 N 071 14.92330 W
11-29-2022_15.04.53,46 49.95132 N 071 14.92830 W
11-29-2022_15.04.54,46 49.95132 N 071 14.92830 W
11-29-2022_15.04.55,46 49.95132 N 071 14.92830 W
11-29-2022_15.04.56,46 49.95132 N 071 14.92830 W
11-29-2022_15.04.57,46 49.95132 N 071 14.92830 W
11-29-2022_15.04.58,46 49.95132 N 071 14.92830 W
11-29-2022_15.04.59,46 49.95132 N 071 14.92830 W
11-29-2022_15.05.00,46 49.95132 N 071 14.92830 W
11-29-2022_15.05.01,46 49.95132 N 071 14.92830 W
11-29-2022_15.05.02,46 49.95132 N 071 14.92830 W
11-29-2022_15.05.03,46 49.95132 N 071 14.92830 W
11-29-2022_15.05.04,46 49.95132 N 071 14.92830 W
11-29-2022_15.05.05,46 49.95132 N 071 14.92830 W
11-29-2022_15.05.06,46 49.95132 N 071 14.92830 W
11-29-2022_15.05.07,46 49.95132 N 071 14.92830 W
11-29-2022_15.05.08,46 49.95132 N 071 14.92830 W
11-29-2022_15.05.09,46 49.95132 N 071 14.92830 W
11-29-2022_15.05.10,46 49.95132 N 071 14.92830 W
11-29-2022_15.05.11,46 49.95132 N 071 14.92830 W
11-29-2022_15.05.12,46 49.95132 N 071 14.92830 W
11-29-2022_15.05.13,46 49.95132 N 071 14.92830 W
11-29-2022_15.05.14,46 49.95132 N 071 14.92830 W
11-29-2022_15.05.15,46 49.95132 N 071 14.92830 W
11-29-2022_15.05.16,46 49.95132 N 071 14.92830 W
11-29-2022_15.05.17,46 49.95132 N 071 14.92830 W
11-29-2022_15.05.18,46 49.95132 N 071 14.92830 W
11-29-2022_15.05.19,46 49.95132 N 071 14.92830 W
11-29-2022_15.05.20,46 49.95132 N 071 14.92830 W
11-29-2022_15.05.21,46 49.95132 N 071 14.92830 W
11-29-2022_15.05.22,46 49.95132 N 071 14.92830 W
11-29-2022_15.05.23,46 49.95132 N 071 14.92830 W
11-29-2022_15.05.24,46 49.95132 N 071 14.92830 W
11-29-2022_15.05.25,46 49.95132 N 071 14.92830 W
11-29-2022_15.05.26,46 49.95132 N 071 14.92830 W
11-29-2022_15.05.27,46 49.95132 N 071 14.92830 W
11-29-2022_15.05.28,46 49.95132 N 071 14.92830 W
11-29-2022_15.05.29,46 49.95132 N 071 14.92830 W
11-29-2022_15.05.30,46 49.95132 N 071 14.92830 W
11-29-2022_15.05.31,46 49.95132 N 071 14.92830 W
11-29-2022_15.05.32,46 49.95132 N 071 14.92830 W
11-29-2022_15.05.33,46 49.95132 N 071 14.92330 W
11-29-2022_15.05.34,46 49.95132 N 071 14.92830 W
11-29-2022_15.05.35,46 49.95132 N 071 14.92830 W
11-29-2022_15.05.36,46 49.95132 N 071 14.92830 W
11-29-2022_15.05.37,46 49.95132 N 071 14.92830 W
11-29-2022_15.05.38,46 49.95132 N 071 14.92830 W
11-29-2022_15.05.39,46 49.95132 N 071 14.92830 W
11-29-2022_15.05.40,46 49.95132 N 071 14.92830 W
11-29-2022_15.05.41,46 49.95132 N 071 14.92830 W
11-29-2022_15.05.42,46 49.95132 N 071 14.92830 W
11-29-2022_15.05.43,46 49.95132 N 071 14.92830 W
11-29-2022_15.05.44,46 49.95132 N 071 14.92830 W
11-29-2022_15.05.45,46 49.95132 N 071 14.92830 W
11-29-2022_15.05.46,46 49.95132 N 071 14.92830 W
11-29-2022_15.05.47,46 49.95132 N 071 14.92830 W
11-29-2022_15.05.48,46 49.95132 N 071 14.92830 W
11-29-2022_15.05.49,46 49.95132 N 071 14.92830 W
11-29-2022_15.05.50,46 49.95132 N 071 14.92830 W
11-29-2022_15.05.51,46 49.95132 N 071 14.92830 W
11-29-2022_15.05.52,46 49.95132 N 071 14.92830 W
11-29-2022_15.05.53,46 49.95132 N 071 14.92830 W
11-29-2022_15.05.54,46 49.95132 N 071 14.92830 W
11-29-2022_15.05.55,46 49.95132 N 071 14.92830 W
11-29-2022_15.05.56,46 49.95132 N 071 14.92830 W
11-29-2022_15.05.57,46 49.95132 N 071 14.92830 W
11-29-2022_15.05.58,46 49.95132 N 071 14.92830 W
11-29-2022_15.05.59,46 49.95132 N 071 14.92830 W
11-29-2022_15.06.00,46 49.95132 N 071 14.92830 W
11-29-2022_15.06.01,46 49.95132 N 071 14.92830 W
11-29-2022_15.06.02,46 49.95132 N 071 14.92830 W
11-29-2022_15.06.03,46 49.95132 N 071 14.92830 W
11-29-2022_15.06.04,46 49.95132 N 071 14.92830 W
11-29-2022_15.06.05,46 49.95132 N 071 14.92830 W
11-29-2022_15.06.06,46 49.95132 N 071 14.92830 W
11-29-2022_15.06.07,46 49.95132 N 071 14.92830 W
11-29-2022_15.06.08,46 49.95132 N 071 14.92830 W
11-29-2022_15.06.09,46 49.95132 N 071 14.92830 W
11-29-2022_15.06.10,46 49.95132 N 071 14.92830 W
11-29-2022_15.06.11,46 49.95132 N 071 14.92830 W
11-29-2022_15.06.12,46 49.95132 N 071 14.92830 W
11-29-2022_15.06.13,46 49.95132 N 071 14.92830 W
11-29-2022_15.06.14,46 49.95132 N 071 14.92830 W
11-29-2022_15.06.15,46 49.95132 N 071 14.92830 W
11-29-2022_15.06.16,46 49.95132 N 071 14.92830 W
11-29-2022_15.06.17,46 49.95132 N 071 14.92830 W
11-29-2022_15.06.18,46 49.95132 N 071 14.92830 W
11-29-2022_15.06.19,46 49.95132 N 071 14.92830 W
11-29-2022_15.06.20,46 49.95132 N 071 14.92330 W
11-29-2022_15.06.21,46 49.95132 N 071 14.92830 W
11-29-2022_15.06.22,46 49.95132 N 071 14.92830 W
11-29-2022_15.06.23,46 49.95132 N 071 14.92830 W
11-29-2022_15.06.24,46 49.95132 N 071 14.92830 W
11-29-2022_15.06.25,46 49.95132 N 071 14.92830 W
11-29-2022_15.06.26,46 49.95132 N 071 14.92830 W
11-29-2022_15.06.27,46 49.95132 N 071 14.92830 W
11-29-2022_15.06.28,46 49.95132 N 071 14.92830 W
11-29-2022_15.06.29,46 49.95132 N 071 14.92830 W
11-29-2022_15.06.30,46 49.95132 N 071 14.92830 W
11-29-2022_15.06.31,46 49.95132 N 071 14.92830 W
11-29-2022_15.06.32,46 49.95132 N 071 14.92830 W
11-29-2022_15.06.33,46 49.95132 N 071 14.92830 W
11-29-2022_15.06.34,46 49.95132 N 071 14.92830 W
11-29-2022_15.06.35,46 49.95132 N 071 14.92830 W
11-29-2022_15.06.36,46 49.95132 N 071 14.92830 W
11-29-2022_15.06.37,46 49.95132 N 071 14.92830 W
11-29-2022_15.06.38,46 49.95132 N 071 14.92830 W
11-29-2022_15.06.39,46 49.95132 N 071 14.92830 W
11-29-2022_15.06.40,46 49.95132 N 071 14.92830 W
11-29-2022_15.06.41,46 49.95132 N 071 14.92830 W
11-29-2022_15.06.42,46 49.95132 N 071 14.92830 W
11-29-2022_15.06.43,46 49.95132 N 071 14.92830 W
11-29-2022_15.06.44,46 49.95132 N 071 14.92830 W
11-29-2022_15.06.45,46 49.95132 N 071 14.92830 W
11-29-2022_15.06.46,46 49.95132 N 071 14.92830 W
11-29-2022_15.06.47,46 49.95132 N 071 14.92830 W
11-29-2022_15.06.48,46 49.95132 N 071 14.92830 W
11-29-2022_15.06.49,46 49.95132 N 071 14.92830 W
11-29-2022_15.06.50,46 49.95132 N 071 14.92830 W
11-29-2022_15.06.51,46 49.95132 N 071 14.92830 W
11-29-2022_15.06.52,46 49.95132 N 071 14.92830 W
11-29-2022_15.06.53,46 49.95132 N 071 14.92830 W
11-29-2022_15.06.54,46 49.95132 N 071 14.92830 W
11-29-2022_15.06.55,46 49.95132 N 071 14.92830 W
11-29-2022_15.06.56,46 49.95132 N 071 14.92830 W
11-29-2022_15.06.57,46 49.95132 N 071 14.92830 W
11-29-2022_15.06.58,46 49.95132 N 071 14.92830 W
11-29-2022_15.06.59,46 49.95132 N 071 14.92830 W
11-29-2022_15.07.00,46 49.95132 N 071 14.92830 W
11-29-2022_15.07.01,46 49.95132 N 071 14.92330 W
11-29-2022_15.07.02,46 49.95132 N 071 14.92830 W
11-29-2022_15.07.03,46 49.95132 N 071 14.92830 W
11-29-2022_15.07.04,46 49.95132 N 071 14.92830 W
11-29-2022_15.07.05,46 49.95132 N 071 14.92830 W
11-29-2022_15.07.06,46 49.95132 N 071 14.92830 W
11-29-2022_15.07.07,46 49.95132 N 071 14.92830 W
11-29-2022_15.07.08,46 49.95132 N 071 14.92830 W
11-29-2022_15.07.09,46 49.95132 N 071 14.92830 W
11-29-2022_15.07.10,46 49.95132 N 071 14.92830 W
11-29-2022_15.07.11,46 49.95132 N 071 14.92830 W
11-29-2022_15.07.12,46 49.95132 N 071 14.92830 W
11-29-2022_15.07.13,46 49.95132 N 071 14.92830 W
11-29-2022_15.07.14,46 49.95132 N 071 14.92830 W
11-29-2022_15.07.15,46 49.95132 N 071 14.92830 W
11-29-2022_15.07.16,46 49.95132 N 071 14.92830 W
11-29-2022_15.07.17,46 49.95132 N 071 14.92830 W
11-29-2022_15.07.18,46 49.95132 N 071 14.92830 W
11-29-2022_15.07.19,46 49.95132 N 071 14.92830 W
11-29-2022_15.07.20,46 49.95132 N 071 14.92830 W
11-29-2022_15.07.21,46 49.95132 N 071 14.92830 W
11-29-2022_15.07.22,46 49.95132 N 071 14.92830 W
11-29-2022_15.07.23,46 49.95132 N 071 14.92830 W
11-29-2022_15.07.24,46 49.95132 N 071 14.92830 W
11-29-2022_15.07.25,46 49.95132 N 071 14.92830 W
11-29-2022_15.07.26,46 49.95132 N 071 14.92830 W
11-29-2022_15.07.27,46 49.95132 N 071 14.92830 W
11-29-2022_15.07.28,46 49.95132 N 071 14.92830 W
11-29-2022_15.07.29,46 49.95132 N 071 14.92830 W
11-29-2022_15.07.30,46 49.95132 N 071 14.92830 W
11-29-2022_15.07.31,46 49.95132 N 071 14.92830 W
11-29-2022_15.07.32,46 49.95132 N 071 14.92830 W
11-29-2022_15.07.33,46 49.95132 N 071 14.92830 W
11-29-2022_15.07.34,46 49.95132 N 071 14.92830 W
11-29-2022_15.07.35,46 49.95132 N 071 14.92830 W
11-29-2022_15.07.36,46 49.95132 N 071 14.92830 W
11-29-2022_15.07.37,46 49.95132 N 071 14.92830 W
11-29-2022_15.07.38,46 49.95132 N 071 14.92830 W
11-29-2022_15.07.39,46 49.95132 N 071 14.92830 W
11-29-2022_15.07.40,46 49.95132 N 071 14.92830 W
11-29-2022_15.07.41,46 49.95132 N 071 14.92830 W
11-29-2022_15.07.42,46 49.95132 N 071 14.92830 W
11-29-2022_15.07.43,46 49.95132 N 071 14.92830 W
11-29-2022_15.07.44,46 49.95132 N 071 14.92830 W
11-29-2022_15.07.45,46 49.95132 N 071 14.92830 W
11-29-2022_15.07.46,46 49.95132 N 071 14.92830 W
11-29-2022_15.07.47,46 49.95132 N 071 14.92830 W
11-29-2022_15.07.48,46 49.95132 N 071 14.92830 W
11-29-2022_15.07.49,46 49.95132 N 071 14.92830 W
11-29-2022_15.07.50,46 49.95132 N 071 14.92830 W
11-29-2022_15.07.51,46 49.95132 N 071 14.92830 W
11-29-2022_15.07.52,46 49.95132 N 071 14.92830 W
11-29-2022_15.07.53,46 49.95132 N 071 14.92830 W
11-29-2022_15.07.54,46 49.95132 N 071 14.92830 W
11-29-2022_15.07.55,46 49.95132 N 071 14.92830 W
11-29-2022_15.07.56,46 49.95132 N 071 14.92830 W
11-29-2022_15.07.57,46 49.95132 N 071 14.92830 W
11-29-2022_15.07.58,46 49.95132 N 071 14.92830 W
11-29-2022_15.07.59,46 49.95132 N 071 14.92830 W
11-29-2022_15.08.00,46 49.95132 N 071 14.92830 W
11-29-2022_15.08.01,46 49.95132 N 071 14.92830 W
11-29-2022_15.08.02,46 49.95132 N 071 14.92830 W
11-29-2022_15.08.03,46 49.95132 N 071 14.92830 W
11-29-2022_15.08.04,46 49.95132 N 071 14.92830 W
11-29-2022_15.08.05,46 49.95132 N 071 14.92830 W
11-29-2022_15.08.06,46 49.95132 N 071 14.92830 W
11-29-2022_15.08.07,46 49.95132 N 071 14.92830 W
11-29-2022_15.08.08,46 49.95132 N 071 14.92830 W
11-29-2022_15.08.09,46 49.95132 N 071 14.92830 W
11-29-2022_15.08.10,46 49.95132 N 071 14.92830 W
11-29-2022_15.08.11,46 49.95132 N 071 14.92830 W
11-29-2022_15.08.12,46 49.95132 N 071 14.92830 W
11-29-2022_15.08.13,46 49.95132 N 071 14.92330 W
11-29-2022_15.08.14,46 49.95132 N 071 14.92830 W
11-29-2022_15.08.15,46 49.95132 N 071 14.92830 W
11-29-2022_15.08.16,46 49.95132 N 071 14.92830 W
11-29-2022_15.08.17,46 49.95132 N 071 14.92830 W
11-29-2022_15.08.18,46 49.95132 N 071 14.92830 W
11-29-2022_15.08.19,46 49.95132 N 071 14.92830 W
11-29-2022_15.08.20,46 49.95132 N 071 14.92830 W
11-29-2022_15.08.21,46 49.95132 N 071 14.92830 W
11-29-2022_15.08.22,46 49.95132 N 071 14.92830 W
11-29-2022_15.08.23,46 49.95132 N 071 14.92830 W
11-29-2022_15.08.24,46 49.95132 N 071 14.92830 W
11-29-2022_15.08.25,46 49.95132 N 071 14.92830 W
11-29-2022_15.08.26,46 49.95132 N 071 14.92830 W
11-29-2022_15.08.27,46 49.95132 N 071 14.92830 W
11-29-2022_15.08.28,46 49.95132 N 071 14.92830 W
11-29-2022_15.08.29,46 49.95132 N 071 14.92830 W
11-29-2022_15.08.30,46 49.95132 N 071 14.92830 W
11-29-2022_15.08.31,46 49.95132 N 071 14.92830 W
11-29-2022_15.08.32,46 49.95132 N 071 14.92830 W
11-29-2022_15.08.33,46 49.95132 N 071 14.92830 W
11-29-2022_15.08.34,46 49.95132 N 071 14.92830 W
11-29-2022_15.08.35,46 49.95132 N 071 14.92830 W
11-29-2022_15.08.36,46 49.95132 N 071 14.92830 W
11-29-2022_15.08.37,46 49.95132 N 071 14.92830 W
11-29-2022_15.08.38,46 49.95132 N 071 14.92830 W
11-29-2022_15.08.39,46 49.95132 N 071 14.92830 W
11-29-2022_15.08.40,46 49.95132 N 071 14.92830 W
11-29-2022_15.08.41,46 49.95132 N 071 14.92830 W
11-29-2022_15.08.42,46 49.95132 N 071 14.92830 W
11-29-2022_15.08.43,46 49.95132 N 071 14.92830 W
11-29-2022_15.08.44,46 49.95132 N 071 14.92830 W
11-29-2022_15.08.45,46 49.95132 N 071 14.92830 W
11-29-2022_15.08.46,46 49.95132 N 071 14.92830 W
11-29-2022_15.08.47,46 49.95132 N 071 14.92830 W
11-29-2022_15.08.48,46 49.95132 N 071 14.92830 W
11-29-2022_15.08.49,46 49.95132 N 071 14.92830 W
11-29-2022_15.08.50,46 49.95132 N 071 14.92830 W
11-29-2022_15.08.51,46 49.95132 N 071 14.92830 W
11-29-2022_15.08.52,46 49.95132 N 071 14.92830 W
11-29-2022_15.08.53,46 49.95132 N 071 14.92830 W
11-29-2022_15.08.54,46 49.95132 N 071 14.92830 W
11-29-2022_15.08.55,46 49.95132 N 071 14.92830 W
11-29-2022_15.08.56,46 49.95132 N 071 14.92830 W
11-29-2022_15.08.57,46 49.95132 N 071 14.92830 W
11-29-2022_15.08.58,46 49.95132 N 071 14.92830 W
11-29-2022_15.08.59,46 49.95132 N 071 14.92830 W
11-29-2022_15.09.00,46 49.95132 N 071 14.92830 W
11-29-2022_15.09.01,46 49.95132 N 071 14.92830 W
11-29-2022_15.09.02,46 49.95132 N 071 14.92830 W
11-29-2022_15.09.03,46 49.95132 N 071 14.92830 W
11-29-2022_15.09.04,46 49.95132 N 071 14.92830 W
11-29-2022_15.09.05,46 49.95132 N 071 14.92830 W
11-29-2022_15.09.06,46 49.95132 N 071 14.92830 W
11-29-2022_15.09.07,46 49.95132 N 071 14.92830 W
11-29-2022_15.09.08,46 49.95132 N 071 14.92830 W
11-29-2022_15.09.09,46 49.95132 N 071 14.92830 W
11-29-2022_15.09.10,46 49.95132 N 071 14.92830 W
11-29-2022_15.09.11,46 49.95132 N 071 14.92830 W
11-29-2022_15.09.12,46 49.95132 N 071 14.92830 W
11-29-2022_15.09.13,46 49.95132 N 071 14.92830 W
11-29-2022_15.09.14,46 49.95132 N 071 14.92830 W
11-29-2022_15.09.15,46 49.95132 N 071 14.92830 W
11-29-2022_15.09.16,46 49.95132 N 071 14.92830 W
11-29-2022_15.09.17,46 49.95132 N 071 14.92830 W
11-29-2022_15.09.18,46 49.95132 N 071 14.92830 W
11-29-2022_15.09.19,46 49.95132 N 071 14.92830 W
11-29-2022_15.09.20,46 49.95132 N 071 14.92330 W
11-29-2022_15.09.21,46 49.95132 N 071 14.92830 W
11-29-2022_15.09.22,46 49.95132 N 071 14.92830 W
11-29-2022_15.09.23,46 49.95132 N 071 14.92830 W
11-29-2022_15.09.24,46 49.95132 N 071 14.92830 W
11-29-2022_15.09.25,46 49.95132 N 071 14.92830 W
11-29-2022_15.09.26,46 49.95132 N 071 14.92830 W
11-29-2022_15.09.27,46 49.95132 N 071 14.92830 W
11-29-2022_15.09.28,46 49.95132 N 071 14.92830 W
11-29-2022_15.09.29,46 49.95132 N 071 14.92830 W
11-29-2022_15.09.30,46 49.95132 N 071 14.92830 W
11-29-2022_15.09.31,46 49.95132 N 071 14.92830 W
11-29-2022_15.09.32,46 49.95132 N 071 14.92830 W
11-29-2022_15.09.33,46 49.95132 N 071 14.92830 W
11-29-2022_15.09.34,46 49.95132 N 071 14.92830 W
11-29-2022_15.09.35,46 49.95132 N 071 14.92830 W
11-29-2022_15.09.36,46 49.95132 N 071 14.92830 W
11-29-2022_15.09.37,46 49.95132 N 071 14.92830 W
11-29-2022_15.09.38,46 49.95132 N 071 14.92830 W
11-29-2022_15.09.39,46 49.95132 N 071 14.92830 W
11-29-2022_15.09.40,46 49.95132 N 071 14.92830 W
11-29-2022_15.09.41,46 49.95132 N 071 14.92830 W
11-29-2022_15.09.42,46 49.95132 N 071 14.92830 W
11-29-2022_15.09.43,46 49.95132 N 071 14.92830 W
11-29-2022_15.09.44,46 49.95132 N 071 14.92830 W
11-29-2022_15.09.45,46 49.95132 N 071 14.92830 W
11-29-2022_15.09.46,46 49.95132 N 071 14.92830 W
11-29-2022_15.09.47,46 49.95132 N 071 14.92830 W
11-29-2022_15.09.48,46 49.95132 N 071 14.92830 W
11-29-2022_15.09.49,46 49.95132 N 071 14.92830 W
11-29-2022_15.09.50,46 49.95132 N 071 14.92830 W
11-29-2022_15.09.51,46 49.95132 N 071 14.92830 W
11-29-2022_15.09.52,46 49.95132 N 071 14.92830 W
11-29-2022_15.09.53,46 49.95132 N 071 14.92830 W
11-29-2022_15.09.54,46 49.95132 N 071 14.92830 W
11-29-2022_15.09.55,46 49.95132 N 071 14.92830 W
11-29-2022_15.09.56,46 49.95132 N 071 14.92830 W
11-29-2022_15.09.57,46 49.95132 N 071 14.92830 W
11-29-2022_15.09.58,46 49.95132 N 071 14.92830 W
11-29-2022_15.09.59,46 49.95132 N 071 14.92830 W
11-29-2022_15.10.00,46 49.95132 N 071 14.92830 W
11-29-2022_15.10.01,46 49.95132 N 071 14.92830 W
11-29-2022_15.10.02,46 49.95132 N 071 14.92830 W
11-29-2022_15.10.03,46 49.95132 N 071 14.92830 W
11-29-2022_15.10.04,46 49.95132 N 071 14.92830 W
11-29-2022_15.10.05,46 49.95132 N 071 14.92830 W
11-29-2022_15.10.06,46 49.95132 N 071 14.92830 W
11-29-2022_15.10.07,46 49.95132 N 071 14.92830 W
11-29-2022_15.10.08,46 49.95132 N 071 14.92330 W
11-29-2022_15.10.09,46 49.95132 N 071 14.92830 W
11-29-2022_15.10.10,46 49.95132 N 071 14.92830 W
11-29-2022_15.10.11,46 49.95132 N 071 14.92830 W
11-29-2022_15.10.12,46 49.95132 N 071 14.92830 W
11-29-2022_15.10.13,46 49.95132 N 071 14.92830 W
11-29-2022_15.10.14,46 49.95132 N 071 14.92830 W
11-29-2022_15.10.15,46 49.95132 N 071 14.92830 W
11-29-2022_15.10.16,46 49.95132 N 071 14.92830 W
11-29-2022_15.10.17,46 49.95132 N 071 14.92830 W
11-29-2022_15.10.18,46 49.95132 N 071 14.92830 W
11-29-2022_15.10.19,46 49.95132 N 071 14.92830 W
11-29-2022_15.10.20,46 49.95132 N 071 14.92830 W
11-29-2022_15.10.21,46 49.95132 N 071 14.92830 W
11-29-2022_15.10.22,46 49.95132 N 071 14.92830 W
11-29-2022_15.10.23,46 49.95132 N 071 14.92830 W
11-29-2022_15.10.24,46 49.95132 N 071 14.92830 W
11-29-2022_15.10.25,46 49.95132 N 071 14.92830 W
11-29-2022_15.10.26,46 49.95132 N 071 14.92830 W
11-29-2022_15.10.27,46 49.95132 N 071 14.92330 W
11-29-2022_15.10.28,46 49.95132 N 071 14.92830 W
11-29-2022_15.10.29,46 49.95132 N 071 14.92830 W
11-29-2022_15.10.30,46 49.95132 N 071 14.92830 W
11-29-2022_15.10.31,46 49.95132 N 071 14.92830 W
11-29-2022_15.10.32,46 49.95132 N 071 14.92830 W
11-29-2022_15.10.33,46 49.95132 N 071 14.92830 W
11-29-2022_15.10.34,46 49.95132 N 071 14.92830 W
11-29-2022_15.10.35,46 49.95132 N 071 14.92830 W
11-29-2022_15.10.36,46 49.95132 N 071 14.92830 W
11-29-2022_15.10.37,46 49.95132 N 071 14.92830 W
11-29-2022_15.10.38,46 49.95132 N 071 14.92830 W
11-29-2022_15.10.39,46 49.95132 N 071 14.92830 W
11-29-2022_15.10.40,46 49.95132 N 071 14.92830 W
11-29-2022_15.10.41,46 49.95132 N 071 14.92830 W
11-29-2022_15.10.42,46 49.95132 N 071 14.92830 W
11-29-2022_15.10.43,46 49.95132 N 071 14.92830 W
11-29-2022_15.10.44,46 49.95132 N 071 14.92830 W
11-29-2022_15.10.45,46 49.95132 N 071 14.92830 W
11-29-2022_15.10.46,46 49.95132 N 071 14.92830 W
11-29-2022_15.10.47,46 49.95132 N 071 14.92830 W
11-29-2022_15.10.48,46 49.95132 N 071 14.92830 W
11-29-2022_15.10.49,46 49.95132 N 071 14.92830 W
11-29-2022_15.10.50,46 49.95132 N 071 14.92830 W
11-29-2022_15.10.51,46 49.95132 N 071 14.92830 W
11-29-2022_15.10.52,46 49.95132 N 071 14.92830 W
11-29-2022_15.10.53,46 49.95132 N 071 14.92830 W
11-29-2022_15.10.54,46 49.95132 N 071 14.92830 W
11-29-2022_15.10.55,46 49.95132 N 071 14.92330 W
11-29-2022_15.10.56,46 49.95132 N 071 14.92830 W
11-29-2022_15.10.57,46 49.95132 N 071 14.92830 W
11-29-2022_15.10.58,46 49.95132 N 071 14.92830 W
11-29-2022_15.10.59,46 49.95132 N 071 14.92830 W
11-29-2022_15.11.00,46 49.95132 N 071 14.92830 W
11-29-2022_15.11.01,46 49.95132 N 071 14.92830 W
11-29-2022_15.11.02,46 49.95132 N 071 14.92830 W
11-29-2022_15.11.03,46 49.95132 N 071 14.92830 W
11-29-2022_15.11.04,46 49.95132 N 071 14.92830 W
11-29-2022_15.11.05,46 49.95132 N 071 14.92830 W
11-29-2022_15.11.06,46 49.95132 N 071 14.92830 W
11-29-2022_15.11.07,46 49.95132 N 071 14.92830 W
11-29-2022_15.11.08,46 49.95132 N 071 14.92830 W
11-29-2022_15.11.09,46 49.95132 N 071 14.92830 W
11-29-2022_15.11.10,46 49.95132 N 071 14.92830 W
11-29-2022_15.11.11,46 49.95132 N 071 14.92830 W
11-29-2022_15.11.12,46 49.95132 N 071 14.92830 W
11-29-2022_15.11.13,46 49.95132 N 071 14.92830 W
11-29-2022_15.11.14,46 49.95132 N 071 14.92830 W
11-29-2022_15.11.15,46 49.95132 N 071 14.92830 W
11-29-2022_15.11.16,46 49.95132 N 071 14.92830 W
11-29-2022_15.11.17,46 49.95132 N 071 14.92830 W
11-29-2022_15.11.18,46 49.95132 N 071 14.92830 W
11-29-2022_15.11.19,46 49.95132 N 071 14.92330 W
11-29-2022_15.11.20,46 49.95132 N 071 14.92830 W
11-29-2022_15.11.21,46 49.95132 N 071 14.92830 W
11-29-2022_15.11.22,46 49.95132 N 071 14.92830 W
11-29-2022_15.11.23,46 49.95132 N 071 14.92830 W
11-29-2022_15.11.24,46 49.95132 N 071 14.92830 W
11-29-2022_15.11.25,46 49.95132 N 071 14.92830 W
11-29-2022_15.11.26,46 49.95132 N 071 14.92830 W
11-29-2022_15.11.27,46 49.95132 N 071 14.92830 W
11-29-2022_15.11.28,46 49.95132 N 071 14.92830 W
11-29-2022_15.11.29,46 49.95132 N 071 14.92830 W
11-29-2022_15.11.30,46 49.95132 N 071 14.92830 W
11-29-2022_15.11.31,46 49.95132 N 071 14.92830 W
11-29-2022_15.11.32,46 49.95132 N 071 14.92830 W
11-29-2022_15.11.33,46 49.95132 N 071 14.92830 W
11-29-2022_15.11.34,46 49.95132 N 071 14.92830 W
11-29-2022_15.11.35,46 49.95132 N 071 14.92830 W
11-29-2022_15.11.36,46 49.95132 N 071 14.92830 W
11-29-2022_15.11.37,46 49.95132 N 071 14.92830 W
11-29-2022_15.11.38,46 49.95132 N 071 14.92830 W
11-29-2022_15.11.39,46 49.95132 N 071 14.92830 W
11-29-2022_15.11.40,46 49.95132 N 071 14.92830 W
11-29-2022_15.11.41,46 49.95132 N 071 14.92830 W
11-29-2022_15.11.42,46 49.95132 N 071 14.92830 W
11-29-2022_15.11.43,46 49.95132 N 071 14.92830 W
11-29-2022_15.11.44,46 49.95132 N 071 14.92330 W
11-29-2022_15.11.45,46 49.95132 N 071 14.92830 W
11-29-2022_15.11.46,46 49.95132 N 071 14.92830 W
11-29-2022_15.11.47,46 49.95132 N 071 14.92830 W
11-29-2022_15.11.48,46 49.95132 N 071 14.92830 W
11-29-2022_15.11.49,46 49.95132 N 071 14.92830 W
11-29-2022_15.11.50,46 49.95132 N 071 14.92830 W
11-29-2022_15.11.51,46 49.95132 N 071 14.92830 W
11-29-2022_15.11.52,46 49.95132 N 071 14.92830 W
11-29-2022_15.11.53,46 49.95132 N 071 14.92830 W
11-29-2022_15.11.54,46 49.95132 N 071 14.92830 W
11-29-2022_15.11.55,46 49.95132 N 071 14.92830 W
11-29-2022_15.11.56,46 49.95132 N 071 14.92830 W
11-29-2022_15.11.57,46 49.95132 N 071 14.92830 W
11-29-2022_15.11.58,46 49.95132 N 071 14.92830 W
11-29-2022_15.11.59,46 49.95132 N 071 14.92830 W
11-29-2022_15.12.00,46 49.95132 N 071 14.92830 W
11-29-2022_15.12.01,46 49.95132 N 071 14.92830 W
11-29-2022_15.12.02,46 49.95132 N 071 14.92830 W
11-29-2022_15.12.03,46 49.95132 N 071 14.92830 W
11-29-2022_15.12.04,46 49.95132 N 071 14.92830 W
11-29-2022_15.12.05,46 49.95132 N 071 14.92830 W
11-29-2022_15.12.06,46 49.95132 N 071 14.92830 W
11-29-2022_15.12.07,46 49.95132 N 071 14.92830 W
11-29-2022_15.12.08,46 49.95132 N 071 14.92830 W
11-29-2022_15.12.09,46 49.95132 N 071 14.92830 W
11-29-2022_15.12.10,46 49.95132 N 071 14.92830 W
11-29-2022_15.12.11,46 49.95132 N 071 14.92830 W
11-29-2022_15.12.12,46 49.95132 N 071 14.92830 W
11-29-2022_15.12.13,46 49.95132 N 071 14.92830 W
11-29-2022_15.12.14,46 49.95132 N 071 14.92830 W
11-29-2022_15.12.15,46 49.95132 N 071 14.92830 W
11-29-2022_15.12.16,46 49.95132 N 071 14.92830 W
11-29-2022_15.12.17,46 49.95132 N 071 14.92830 W
11-29-2022_15.12.18,46 49.95132 N 071 14.92830 W
11-29-2022_15.12.19,46 49.95132 N 071 14.92830 W
11-29-2022_15.12.20,46 49.95132 N 071 14.92330 W
11-29-2022_15.12.21,46 49.95132 N 071 14.92830 W
11-29-2022_15.12.22,46 49.95132 N 071 14.92830 W
11-29-2022_15.12.23,46 49.95132 N 071 14.92830 W
11-29-2022_15.12.24,46 49.95132 N 071 14.92830 W
11-29-2022_15.12.25,46 49.95132 N 071 14.92830 W
11-29-2022_15.12.26,46 49.95202 N 071 14.92465 W
11-29-2022_15.12.27,46 49.95132 N 071 14.92830 W
11-29-2022_15.12.28,46 49.95132 N 071 14.92830 W
11-29-2022_15.12.29,46 49.95132 N 071 14.92830 W
11-29-2022_15.12.30,46 49.95132 N 071 14.92830 W
11-29-2022_15.12.31,46 49.95132 N 071 14.92830 W
11-29-2022_15.12.32,46 49.95132 N 071 14.92830 W
11-29-2022_15.12.33,46 49.95202 N 071 14.92465 W
11-29-2022_15.12.34,46 49.95132 N 071 14.92830 W
11-29-2022_15.12.35,46 49.95132 N 071 14.92830 W
11-29-2022_15.12.36,46 49.95132 N 071 14.92830 W
11-29-2022_15.12.37,46 49.95132 N 071 14.92830 W
11-29-2022_15.12.38,46 49.95132 N 071 14.92830 W
11-29-2022_15.12.39,46 49.95202 N 071 14.92465 W
11-29-2022_15.12.40,46 49.95132 N 071 14.92830 W
11-29-2022_15.12.41,46 49.95132 N 071 14.92830 W
11-29-2022_15.12.42,46 49.95132 N 071 14.92830 W
11-29-2022_15.12.43,46 49.95132 N 071 14.92830 W
11-29-2022_15.12.44,46 49.95202 N 071 14.92465 W
11-29-2022_15.12.45,46 49.95132 N 071 14.92830 W
11-29-2022_15.12.46,46 49.95132 N 071 14.92330 W
11-29-2022_15.12.47,46 49.95132 N 071 14.92830 W
11-29-2022_15.12.48,46 49.95132 N 071 14.92830 W
11-29-2022_15.12.49,46 49.95202 N 071 14.92465 W
11-29-2022_15.12.50,46 49.95132 N 071 14.92830 W
11-29-2022_15.12.51,46 49.95132 N 071 14.92830 W
11-29-2022_15.12.52,46 49.95132 N 071 14.92830 W
11-29-2022_15.12.53,46 49.95132 N 071 14.92830 W
11-29-2022_15.12.54,46 49.95132 N 071 14.92830 W
11-29-2022_15.12.55,46 49.95202 N 071 14.92465 W
11-29-2022_15.12.56,46 49.95132 N 071 14.92830 W
11-29-2022_15.12.57,46 49.95132 N 071 14.92830 W
11-29-2022_15.12.58,46 49.95132 N 071 14.92830 W
11-29-2022_15.12.59,46 49.95132 N 071 14.92830 W
11-29-2022_15.13.00,46 49.95132 N 071 14.92830 W
11-29-2022_15.13.01,46 49.95132 N 071 14.92830 W
11-29-2022_15.13.02,46 49.95132 N 071 14.92830 W
11-29-2022_15.13.03,46 49.95202 N 071 14.92465 W
11-29-2022_15.13.04,46 49.95132 N 071 14.92830 W
11-29-2022_15.13.05,46 49.95132 N 071 14.92830 W
11-29-2022_15.13.06,46 49.95132 N 071 14.92830 W
11-29-2022_15.13.07,46 49.95132 N 071 14.92830 W
11-29-2022_15.13.08,46 49.95132 N 071 14.92830 W
11-29-2022_15.13.09,46 49.95132 N 071 14.92830 W
11-29-2022_15.13.10,46 49.95202 N 071 14.92465 W
11-29-2022_15.13.11,46 49.95132 N 071 14.92830 W
11-29-2022_15.13.12,46 49.95132 N 071 14.92830 W
11-29-2022_15.13.13,46 49.95132 N 071 14.92830 W
11-29-2022_15.13.14,46 49.95132 N 071 14.92830 W
11-29-2022_15.13.15,46 49.95202 N 071 14.92465 W
11-29-2022_15.13.16,46 49.95132 N 071 14.92830 W
11-29-2022_15.13.17,46 49.95132 N 071 14.92830 W
11-29-2022_15.13.18,46 49.95132 N 071 14.92830 W
11-29-2022_15.13.19,46 49.95132 N 071 14.92830 W
11-29-2022_15.13.20,46 49.95202 N 071 14.92465 W
11-29-2022_15.13.21,46 49.95132 N 071 14.92830 W
11-29-2022_15.13.22,46 49.95132 N 071 14.92830 W
11-29-2022_15.13.23,46 49.95132 N 071 14.92830 W
11-29-2022_15.13.24,46 49.95132 N 071 14.92830 W
11-29-2022_15.13.25,46 49.95132 N 071 14.92830 W
11-29-2022_15.13.26,46 49.95132 N 071 14.92830 W
11-29-2022_15.13.27,46 49.95202 N 071 14.92465 W
11-29-2022_15.13.28,46 49.95132 N 071 14.92830 W
11-29-2022_15.13.29,46 49.95132 N 071 14.92830 W
11-29-2022_15.13.30,46 49.95202 N 071 14.92465 W
11-29-2022_15.13.31,46 49.95132 N 071 14.92830 W
11-29-2022_15.13.32,46 49.95132 N 071 14.92830 W
