0x180601fd_0_1,0x180601fd_2_3
18926,847
18677,848
19175,846
18926,847
18802,847
18553,848
19300,845
18179,849
18926,847
19424,845
18802,847
18677,848
19051,846
18802,847
18428,848
18677,848
19175,845
18553,848
18553,848
19300,845
18802,847
18428,848
19051,846
18428,848
18677,848
19424,845
18553,848
18179,849
18926,846
19300,845
18179,849
18428,848
18677,847
18802,847
19175,846
19051,846
18553,848
19051,847
19300,845
18304,849
18677,847
18802,847
18677,847
19175,846
19175,846
18304,849
18677,847
19300,845
19175,846
18926,847
19300,846
19175,846
18179,849
18802,847
19300,845
18553,848
18677,848
19175,846
18926,847
18428,849
18802,847
19300,845
18553,848
18926,847
19300,845
18926,847
18428,849
19051,846
19424,845
18428,848
19300,845
18802,847
18677,848
19051,846
19300,845
18677,847
19051,847
19798,844
18553,848
18553,848
19300,846
18926,847
18677,848
19424,846
19549,845
18553,848
18926,847
19175,846
19175,846
19175,846
19673,844
18677,848
18677,848
19300,846
18428,849
18802,847
19424,846
19175,846
18677,848
18802,848
19549,845
18428,849
18802,847
19549,845
18926,847
18802,847
19175,846
19300,845
18926,847
19300,845
18926,847
18677,848
19424,845
18304,849
18802,847
19424,845
18304,849
18304,849
18926,846
18802,847
18677,847
19175,847
19424,845
18553,848
18802,847
19300,845
19051,846
18179,849
19175,846
19424,845
18553,848
18926,847
19175,846
18677,847
18428,848
19175,846
19424,844
18677,848
18677,847
19424,845
18055,850
18553,848
19549,844
18802,847
18802,847
18926,846
19300,845
18428,848
18677,847
19673,844
18553,848
18802,847
19051,846
19175,846
18677,848
18926,847
19673,844
18677,848
18802,848
19424,845
19175,846
18428,849
18926,847
19549,845
18553,848
18802,848
19549,845
18677,848
18677,848
19051,846
19424,845
18677,848
18926,847
19300,845
18179,849
18428,849
18926,846
19051,846
18677,848
19051,847
19300,845
18304,849
18179,849
19175,845
18926,846
18802,847
19175,846
19300,845
18428,848
18553,848
19300,845
18926,846
18553,848
19051,846
19175,845
18553,848
18677,848
19300,845
18677,847
18802,848
19175,846
19051,846
18428,849
18553,848
19424,845
18677,848
19051,847
19549,845
18304,849
18428,849
19051,846
18802,847
18553,848
19051,847
19300,845
18428,849
18428,849
19300,845
18802,847
18802,847
19424,846
19300,845
18553,848
18553,848
18926,846
18926,846
18802,848
19300,846
19424,845
18553,848
18553,848
19175,846
18304,849
18802,847
19424,845
18802,847
18677,848
19175,846
19300,845
18553,848
18677,848
19424,845
19175,846
18802,847
18926,847
19300,845
18553,848
18802,847
19549,845
19175,846
18428,849
18926,847
19424,845
18179,849
18926,847
19424,845
18677,848
18553,848
19051,846
19175,846
18553,848
18926,847
19300,845
18802,848
18428,849
19051,846
18677,848
18055,850
19051,846
19300,845
18055,849
18802,847
19051,846
18926,846
18677,848
19051,846
18802,846
18428,848
18677,847
19424,844
18304,849
18677,847
19175,845
19051,846
18553,848
19300,846
19424,845
18677,848
18553,848
19424,845
19051,846
18553,848
19051,846
19300,845
18304,849
18677,847
19300,845
18553,848
18677,848
18802,847
18802,847
18553,848
19051,847
19673,844
18428,849
18802,847
19549,845
18926,847
18677,848
19175,846
19424,845
18304,849
18677,848
19175,846
18802,847
18677,848
19051,847
19673,844
18802,848
18553,848
19424,845
18428,848
18677,848
18926,846
18802,847
18553,848
19549,845
20296,844
17806,851
18304,849
19051,846
18926,846
20047,844
24031,834
24778,835
23907,839
24778,838
24280,839
22786,845
24405,841
21541,852
18553,861
18304,859
18553,856
18926,853
18179,855
18926,852
19424,849
18677,851
18304,852
18926,848
18802,848
18179,850
19051,846
18553,848
18304,849
18677,847
18926,846
18179,849
18553,848
19175,845
17930,849
18179,848
18802,846
18428,847
18304,848
18802,847
18926,845
18304,848
18428,848
19175,845
18677,847
18553,847
19300,845
19175,845
18304,848
18428,848
18926,846
18677,847
18553,847
19175,846
18677,847
18553,848
19175,845
18304,848
18428,848
18802,847
18802,846
18304,848
18304,848
19051,845
18055,849
18802,847
19175,845
18802,846
18304,848
18926,846
19175,845
18304,848
18926,847
19051,846
18802,847
18802,847
19300,845
22662,835
24778,839
17432,857
18677,851
18802,850
19051,848
18926,849
19051,848
19673,845
19175,848
19051,848
19175,847
18428,849
18553,849
19051,847
18802,848
19051,847
19424,845
18553,848
18553,849
19424,845
18926,847
18677,848
19424,845
18304,849
18553,848
19300,845
19175,846
18802,848
19175,846
19300,845
18428,849
18553,848
18802,847
18926,847
19175,846
18926,847
18553,848
18802,847
19549,845
18802,847
18802,848
19300,846
18926,847
18677,848
19051,847
19549,845
18677,848
18926,848
19300,846
18802,847
18553,848
19175,846
19300,845
18802,847
18802,848
19549,845
18304,849
18677,848
18926,847
18926,847
18553,848
18926,847
19424,845
18553,848
18553,848
19051,846
18677,847
18553,848
19051,846
18926,846
18677,847
18677,847
19300,845
18553,848
19051,847
19424,845
19051,846
18677,848
18802,847
19300,845
18553,848
19549,845
19051,846
18553,848
18926,847
19300,845
18428,849
18802,847
19300,845
18428,848
19175,846
19051,846
18553,848
19175,846
19549,845
18677,848
18553,848
19424,845
18926,847
19175,846
19424,845
18304,849
18553,848
19300,845
18926,846
18428,848
18926,847
19549,844
18428,848
18553,848
19549,844
18428,848
18802,847
19175,846
19175,846
18677,848
18802,848
19424,845
18179,849
18677,848
19549,844
19051,846
18802,847
19051,847
19424,845
18553,848
18802,847
19424,845
19051,846
18926,847
19051,847
18926,847
18677,848
18553,848
19424,845
18553,848
18802,847
19175,846
18677,848
19051,846
19549,844
18428,849
18926,847
19424,845
18802,847
18428,849
19051,846
18553,848
19175,846
19300,846
18428,849
18677,848
19175,846
19051,846
18802,847
18677,848
18304,849
18428,849
19300,845
19051,846
18677,848
19300,846
19424,845
18179,849
18677,848
19175,846
18677,848
19051,846
19300,845
18926,847
19175,846
18304,849
18553,848
19424,845
18802,847
18553,848
18553,848
19175,845
18677,847
18802,848
19175,846
19051,846
18428,848
19300,845
18553,848
19175,847
19424,845
18677,847
18179,849
18677,847
19051,846
18304,848
19300,845
18179,849
18428,848
19300,845
18677,847
18677,847
19300,845
19300,845
18055,849
18553,848
19300,845
18179,849
18428,848
19175,846
18802,847
18553,848
18553,848
19175,845
18055,849
18304,848
19300,845
18802,846
18428,848
18802,847
19300,845
17806,850
18802,847
19300,845
18677,847
18304,849
19051,846
19051,845
18055,849
19175,846
19051,846
18304,848
19175,846
18926,846
18926,846
18428,848
18802,847
19300,845
18553,848
18802,847
19300,845
18553,848
18179,849
19051,846
19424,844
18179,849
18677,847
19300,845
18677,847
18553,848
19300,845
19300,845
18428,848
19051,846
19175,846
18304,849
18428,848
19300,845
18926,846
18304,849
18677,847
19300,845
18304,849
18553,848
19424,844
18677,847
18553,848
19300,845
19300,845
18304,849
19300,845
18677,847
18926,847
19175,846
18553,848
18926,847
19424,845
18179,849
18428,848
19549,844
18802,847
18304,849
18802,847
18677,848
19051,847
19424,845
19051,846
18677,848
19051,846
19549,844
18553,848
19051,847
18428,849
18428,849
19051,846
19175,846
18677,848
19051,847
19549,845
18428,849
18553,848
19175,846
18926,846
18428,848
19300,846
19549,844
18428,849
18677,848
19424,845
18802,847
18553,848
19175,846
19300,845
18304,849
18677,848
19051,846
18428,848
18553,848
19175,845
19051,846
18055,850
18428,848
19424,844
18304,849
18802,847
19549,844
18802,847
18304,849
18926,846
18677,847
18428,848
19051,847
19300,845
18428,848
18428,848
19300,845
18802,847
18677,847
19300,846
19424,845
18553,848
18553,848
19175,846
18677,847
18553,848
19300,846
19549,844
18304,849
18677,847
19175,846
18304,849
18553,848
19300,845
18677,847
18304,849
18553,848
19051,846
18179,849
18428,848
19424,844
19051,846
18802,847
18926,846
19300,845
18304,849
18553,848
19549,844
18802,847
18802,847
19051,846
19549,844
18677,848
18802,847
19673,844
18553,848
18802,847
19051,847
18926,847
18553,848
19051,847
19673,844
18802,848
19051,847
19424,846
19051,847
18553,849
19175,846
19424,845
18677,848
18926,847
19300,846
18677,848
18677,848
19175,846
19300,845
18553,848
19175,846
19300,845
18428,848
18802,847
19300,845
19051,846
18428,849
18926,847
19300,845
18304,849
18428,848
19175,845
18553,848
18802,847
19300,845
18926,847
18428,848
18553,848
19300,845
18553,848
18428,848
19549,844
18802,847
18304,849
18926,846
19175,845
18553,848
18802,847
19300,845
18802,847
18553,848
19175,845
19300,845
18926,847
19051,847
19300,845
18179,849
18179,849
18802,847
18802,847
18553,848
18802,847
19300,845
18428,848
18304,849
19051,846
18553,847
18677,848
19175,846
19549,844
18428,848
18677,847
19300,845
18802,847
18677,847
19300,846
19424,845
18677,848
18677,848
19300,845
18304,849
18428,848
19300,845
19175,846
18304,849
18677,848
19424,845
18304,849
18926,847
19300,845
18926,847
18926,847
19051,846
19424,845
18553,848
18802,847
19549,844
18428,849
18428,849
19051,846
18802,847
18428,848
18926,847
19549,844
18553,848
18553,848
19300,845
18926,847
18428,848
19175,846
19549,844
18553,848
18677,848
19300,845
18926,847
18428,849
18926,846
19549,844
18553,848
18926,847
19175,846
18055,850
18179,849
19300,845
18802,847
18553,848
18802,847
19300,845
18304,849
18677,848
19549,844
19051,846
18677,848
19300,846
19673,844
18802,848
19424,846
20296,843
19922,845
19673,846
19798,846
19922,845
19051,848
19549,847
20296,844
19549,847
19922,846
20794,843
19673,847
19175,849
18926,849
19424,847
18553,850
18553,850
19175,847
18179,850
18553,849
18926,847
19051,846
18428,849
18677,848
19300,845
18304,849
18428,848
19300,845
18926,846
19051,847
19175,847
19300,845
18179,849
18553,848
19175,846
19175,846
18802,848
19051,846
19300,845
18304,849
18428,848
19300,845
18553,848
18926,847
18926,846
18926,846
18428,848
18553,848
19300,845
18304,849
18802,847
19424,845
18802,847
18553,848
18926,847
19175,845
18553,848
19300,846
21043,840
21541,842
18055,852
20296,844
20669,844
18179,852
18802,849
19175,847
18553,849
18553,849
18926,848
18802,848
18926,848
18926,848
19549,845
18926,847
18926,848
19300,846
18677,848
18553,848
19300,846
19424,845
18428,849
18553,848
19300,845
18926,847
18553,848
21666,838
20918,845
17557,854
21167,840
22288,841
17308,856
18677,850
19424,847
18802,849
18304,850
18926,848
19175,846
18428,849
18802,848
18926,847
18677,848
18926,847
19300,845
18179,849
18802,847
19300,845
18304,849
18802,847
18926,846
18802,847
18428,848
18802,847
19300,845
18055,849
18677,848
19175,845
18802,847
18677,847
19300,846
19300,845
18428,848
18926,847
19300,845
18802,847
18428,849
18926,846
19300,845
18802,848
19175,846
18304,849
18553,848
18926,846
19051,846
18428,848
18553,848
19175,845
18428,848
19175,845
18926,846
18553,848
19300,846
19300,845
18304,849
18553,848
19300,845
18926,847
19051,846
19175,845
18304,849
18926,846
19051,846
18553,848
19175,847
19175,846
18428,848
19051,846
19300,845
18677,847
18926,847
19424,845
18553,848
18553,848
18802,847
18802,847
18926,847
19549,844
18179,849
18304,849
19300,845
18677,847
18428,848
19300,846
18179,849
18677,847
19175,845
18677,847
18802,847
19424,845
19300,845
18553,848
18926,847
19175,846
18428,848
18677,848
19175,846
19175,846
18553,848
18428,849
19300,845
18553,848
18428,848
19300,845
19175,846
18428,848
19051,846
19175,846
18179,849
18802,847
19300,845
18802,847
18553,848
18802,847
19175,845
18428,848
18802,847
19300,845
18428,848
18553,848
18802,847
18677,847
18304,848
18802,847
19300,845
18055,849
18428,848
19175,845
18677,847
18428,848
19300,845
19175,845
18428,848
18802,847
18179,849
18304,848
19300,845
18677,847
18553,847
18802,847
19175,845
18304,848
18553,848
18802,846
18553,847
18926,846
19175,845
18428,848
18926,847
19300,845
18802,847
18677,847
19300,845
18553,848
18428,848
19300,845
18055,849
18304,849
19051,846
18428,848
18055,849
18677,847
19175,845
18304,848
18304,848
19300,845
18428,848
18428,848
18926,846
19175,845
18304,848
18677,847
18926,846
18553,847
18304,848
19051,846
19300,844
18179,849
18802,847
18926,846
18055,849
18553,847
18677,847
19051,845
18428,848
18553,848
19424,844
18428,848
18428,848
19300,845
18802,847
18802,847
19300,846
18926,847
18428,848
18428,848
19051,846
18428,848
18677,848
19175,845
18677,847
19051,846
19051,846
18677,847
19175,847
19424,845
18926,846
18428,848
19175,846
19300,845
18677,848
19424,845
18304,849
18553,848
19051,846
18802,847
18677,847
18926,847
19424,845
18428,849
19175,846
18802,847
18677,847
19424,845
19300,845
18677,848
18802,847
19175,846
18428,848
19051,846
19424,845
18428,849
19051,846
18428,848
18677,848
19175,846
18553,848
18553,848
19175,845
18055,849
18553,848
19175,845
18926,846
18677,847
18802,847
18428,848
18677,847
19673,844
18677,847
18428,848
19051,846
19300,845
18553,848
18926,846
18553,848
18677,848
19175,846
18677,847
18428,848
18926,846
19300,845
18677,847
18677,848
19051,846
18428,848
18553,848
18926,846
19051,846
18553,848
18553,848
19300,845
18304,849
18677,847
19300,845
19051,846
18553,848
19175,846
19300,845
18677,848
18802,848
19424,845
19175,846
19175,847
19051,847
19424,845
18553,848
18553,848
19175,846
18677,848
18677,848
19175,846
18802,847
18304,849
18926,847
19424,845
18553,848
18926,847
19549,845
18926,847
18553,848
19175,846
19549,844
18553,848
18926,847
19300,846
18926,847
18553,848
19300,846
19549,845
18802,847
19051,847
19424,845
18553,849
18304,849
19051,846
18802,847
18553,848
19051,847
19300,845
18677,848
18926,847
19175,846
19175,846
19424,846
19798,844
18677,848
18677,848
18428,849
18677,848
18926,847
18802,847
18553,848
18802,848
19300,845
18428,848
18304,849
19300,845
18926,846
18055,849
18677,847
19175,845
19175,846
19300,845
19051,846
18304,849
18802,847
18926,846
18179,849
18677,847
19175,845
18428,848
18802,847
18677,847
18304,848
18802,847
19300,845
18553,848
18179,849
19175,845
18802,846
18553,847
19051,846
19300,845
18553,848
18802,847
19175,846
18677,847
18428,848
19673,844
23035,835
26397,831
28140,830
29510,827
29385,831
28389,838
19051,868
18926,864
18802,861
18926,859
19300,855
29261,826
32872,828
30506,833
30506,833
32000,832
32872,831
32498,834
33121,834
33370,836
30506,850
17806,888
20669,879
23658,881
30381,898
30879,943
28514,982
35237,975
42833,980
38475,998
39097,1002
39346,1010
36856,1019
37230,1020
36731,1022
39222,1017
41712,1015
43082,1016
42085,1022
41463,1028
41338,1031
43206,1029
45572,1032
46070,1048
41712,1069
38475,1085
23035,1123
22786,1125
24280,1130
22164,1139
21167,1145
21666,1149
21666,1155
5105,1149
1121,1065
0,989
9214,883
23907,837
25899,863
15066,872
24031,839
23782,847
21666,844
23035,841
18802,856
18926,849
19051,849
17930,852
18428,850
19300,846
18179,850
18428,849
18926,847
18304,849
18304,849
18553,848
19175,845
18304,848
18802,847
19175,845
18428,848
18428,848
18926,846
18926,846
18179,849
18677,847
19300,845
18179,849
18428,848
19051,845
18802,846
18553,848
18802,846
19424,844
18428,848
18304,848
19175,845
18802,846
18553,847
19051,846
19300,845
18179,849
18677,847
19175,845
18428,848
18802,847
18802,847
18926,846
18553,848
18553,848
19175,845
18179,849
18677,848
19424,844
18802,847
18304,849
18926,846
19175,845
18428,848
19051,846
19175,846
18802,847
18553,848
18926,846
19300,845
18553,848
19051,846
19300,845
18179,849
18304,849
18802,847
18677,847
18553,848
19051,847
19300,845
18179,849
18553,848
19300,845
18802,847
18553,848
18926,846
19300,845
18179,849
18677,847
19300,845
18802,847
18553,848
19300,845
19424,845
18304,849
18802,847
19051,846
18428,848
18802,847
19300,845
18802,847
18553,848
18802,847
19175,845
18553,848
18926,847
19175,845
18428,848
18553,848
18802,847
18553,847
18428,848
18677,847
19300,845
18428,848
18553,848
19300,845
18677,847
18553,848
18926,846
19300,845
18428,848
18677,847
19175,845
18677,847
18428,848
18926,846
19300,845
18553,848
18553,848
19175,846
18055,849
18802,847
24654,831
26397,832
25401,836
26895,832
36109,834
34988,870
33121,898
34988,913
50303,932
52295,997
47439,1044
40965,1090
37105,1116
25650,1159
22662,1171
22288,1178
23658,1183
22911,1191
21417,1197
21541,1199
21417,1202
20545,1203
5105,1195
9712,1113
0,1024
0,938
16810,850
25899,850
21790,872
13074,869
20047,847
19673,850
17681,849
18055,847
18553,847
18802,844
18802,844
18677,846
18802,845
18926,843
18304,846
18677,846
19175,844
18677,846
18677,846
18926,846
18802,846
18428,848
18553,847
19051,845
18428,848
18304,848
19300,845
18677,847
18179,849
18677,847
19175,845
18179,849
18553,848
19051,845
18553,847
18179,848
18802,846
19051,845
18553,847
18677,847
19175,845
18553,847
18553,848
18926,846
19051,846
18802,847
19798,844
21790,838
23533,836
29634,823
30879,826
28140,834
29136,832
29759,832
29385,835
29136,838
29634,838
30008,838
29136,843
29385,843
30257,840
29385,844
29385,845
29385,846
29261,846
29012,847
29136,847
30008,844
29385,846
29385,847
29759,845
29012,848
33370,848
35362,862
33245,876
31502,889
32623,893
32872,898
32747,902
33121,909
36482,915
38101,926
37354,938
36482,948
36856,954
37479,958
37977,961
43082,963
48934,985
46070,1014
46941,1026
47190,1041
48311,1049
48311,1058
47315,1068
47439,1072
46692,1079
47066,1082
47066,1085
46941,1087
52420,1088
53914,1111
52171,1128
55159,1133
53665,1149
50552,1164
47688,1175
48062,1178
48560,1180
48062,1184
47813,1187
35860,1186
24280,1126
23658,1048
23409,961
30132,905
30879,901
29883,899
25774,891
28514,875
28887,870
28763,864
27767,863
28265,859
28763,854
28763,853
28887,851
29385,847
28887,850
29261,848
29634,846
28763,848
26272,857
24156,863
23782,861
22039,864
21541,864
22039,858
22164,856
24529,849
30257,836
30257,838
28389,843
29012,841
29883,839
28763,844
29634,841
29261,843
29012,845
30008,842
30132,842
28763,848
28887,847
29883,844
31875,838
38848,825
44700,831
46443,863
49681,878
52544,902
55284,931
59019,967
59144,994
59642,1042
58895,1058
58646,1072
58770,1082
3326,1088
4945,1126
3949,1157
4447,1174
5443,1190
5319,1206
5817,1220
7933,1232
7435,1246
3326,1267
55284,1301
58646,1296
59517,1304
57400,1310
47190,1299
27642,1239
23160,1140
16312,1045
30132,899
41712,857
43455,855
44700,855
41463,858
41712,850
43829,843
42708,844
43082,842
43331,843
42708,843
42957,843
34615,872
30506,885
28514,884
27144,881
32747,854
40716,840
38599,849
36980,850
36482,848
36980,846
36482,850
30132,869
29261,868
27642,870
28265,864
28514,860
28140,858
27891,857
29136,851
28140,854
28389,852
28514,850
29012,848
28016,851
28140,850
29385,846
28140,850
31253,839
32125,844
27767,854
27767,853
28016,851
29261,846
28265,850
28389,849
28638,847
28514,848
28763,847
29261,845
28140,849
28763,847
28887,846
28389,848
28140,849
28389,848
28887,845
28389,847
28638,847
28763,846
27642,850
27767,849
28016,848
28016,848
27891,848
29136,844
37603,822
33992,842
27518,858
28016,854
31626,840
37479,831
38350,832
38226,832
36482,839
36731,838
39097,832
39346,836
40591,834
41836,832
41587,835
40467,840
40218,842
32125,870
28763,878
27767,875
31502,856
34241,852
27518,870
27891,864
28514,858
27891,858
28389,857
28763,853
28016,854
28265,851
28265,849
27269,852
28140,850
28514,847
27891,849
27393,850
28140,848
28140,847
27144,850
27767,848
28016,846
27020,850
27269,849
28016,846
27642,847
27518,848
28016,847
28389,845
27767,847
28265,845
28016,846
27891,847
34988,851
38475,880
39346,905
43953,930
44576,995
44451,1016
45696,1027
46194,1038
45945,1049
45945,1056
47190,1056
54412,1046
51548,1059
52046,1061
51175,1064
51548,1064
51673,1065
47938,1078
43580,1082
44451,1076
40467,1067
42210,1028
40840,973
40342,948
44949,933
50303,945
52420,966
50179,988
51548,998
51673,1013
52793,1028
55035,1063
59891,1081
62007,1113
61011,1139
63252,1153
63875,1170
54163,1208
52295,1213
55782,1213
58646,1214
60015,1216
60513,1219
57525,1223
47688,1215
47439,1180
46319,1150
35735,1105
29261,1014
32747,931
38475,895
42210,880
44078,873
44202,864
44576,858
45821,852
45945,848
45198,849
44576,850
45074,846
45198,846
48809,843
49556,851
50054,854
49805,861
52295,861
56902,866
63252,890
63252,926
12416,958
9428,1027
14283,1073
11295,1119
10299,1148
10673,1173
9801,1195
9552,1210
9552,1221
9552,1231
9054,1238
9054,1244
8929,1248
8805,1251
8680,1255
8431,1258
8805,1258
14159,1262
17147,1284
18766,1306
20011,1337
19762,1356
19887,1372
20260,1387
19887,1397
19513,1407
19637,1413
18890,1420
19139,1422
19388,1425
18641,1428
41338,1310
36856,1147
31875,1027
36731,929
33121,933
29012,928
31128,906
30506,896
30008,885
31253,870
30755,866
31626,858
31626,856
32000,854
30132,857
31004,850
29759,855
28638,856
32125,845
33494,843
34366,841
34117,842
34988,840
33868,845
32623,848
30257,856
30879,852
30381,852
37230,830
50552,800
57898,811
49930,837
49058,841
48809,843
47066,850
45323,856
34988,897
28389,903
25899,891
35486,847
51050,827
49681,865
45821,876
52420,877
50054,900
57774,909
61634,949
62381,985
1210,1029
64249,1068
62879,1099
63252,1115
64498,1131
62754,1147
63875,1155
65245,1163
836,1176
63750,1199
59268,1220
60264,1225
60887,1233
60887,1240
61883,1242
62132,1245
61509,1250
61136,1252
61385,1253
61011,1255
60638,1256
60887,1257
60513,1258
59766,1261
58895,1263
60513,1260
61634,1260
62381,1260
62505,1261
60015,1269
58646,1272
59393,1270
60389,1270
61634,1273
64249,1281
64996,1294
64124,1308
65245,1313
1459,1316
3949,1317
5070,1319
4074,1325
1832,1333
1085,1337
338,1342
961,1349
961,1359
463,1367
712,1371
463,1376
65120,1382
89,1383
64373,1386
64373,1386
338,1382
587,1381
64498,1383
58770,1378
48187,1354
48187,1311
46692,1278
47066,1248
48809,1224
47813,1211
46070,1204
46070,1191
46817,1183
41961,1189
41961,1181
43331,1175
43082,1173
42833,1171
44078,1168
45572,1170
46070,1174
46070,1178
48436,1184
49930,1199
50801,1216
50926,1232
50428,1244
50926,1254
50801,1261
51175,1266
50801,1273
54412,1270
57027,1282
56155,1297
56155,1304
56280,1313
56653,1318
56653,1322
56529,1327
56280,1330
56280,1332
56155,1334
61011,1321
64747,1319
62505,1325
62630,1323
63003,1322
62007,1325
61136,1329
61011,1329
63750,1330
63377,1345
59642,1368
59268,1380
62505,1380
4198,1372
4572,1381
4323,1385
4074,1389
3575,1393
4323,1392
4323,1394
4074,1396
5070,1394
5568,1395
4198,1400
4572,1398
4447,1399
3575,1402
2206,1406
1708,1406
836,1406
52544,1420
49183,1393
50303,1362
41961,1333
40093,1280
37977,1243
39720,1210
40716,1199
38724,1191
39720,1176
47066,1151
49432,1144
49681,1141
51050,1134
54163,1124
53790,1125
53042,1125
53042,1124
51548,1127
51673,1125
51673,1126
51175,1127
50801,1130
50179,1131
49805,1132
49058,1134
49432,1133
50054,1131
51175,1129
50179,1132
49930,1133
50428,1131
51175,1128
53042,1124
53292,1125
53292,1124
53292,1124
53292,1124
53167,1125
54288,1124
58396,1134
59891,1152
62007,1161
62505,1174
60140,1190
58521,1201
59268,1205
60264,1209
60140,1217
58521,1223
58895,1228
59517,1229
55782,1241
52793,1250
46319,1260
48685,1257
49183,1258
48685,1260
48809,1260
49183,1261
49183,1262
49058,1262
60264,1230
62754,1236
57649,1245
53167,1253
58895,1234
62381,1230
61634,1232
60140,1235
59268,1237
58396,1239
58396,1239
47564,1267
46692,1263
58023,1237
59144,1242
57151,1244
57774,1242
58646,1240
59019,1239
59268,1238
59268,1239
58895,1239
58895,1239
58770,1239
58646,1239
58272,1240
58023,1240
54786,1237
46194,1224
27891,1174
28887,1090
27393,985
33743,909
40840,881
42957,873
42210,875
35362,880
37105,866
38973,858
38350,858
36980,858
35735,859
35113,856
31502,873
27269,884
41836,870
48934,892
44949,919
43206,933
44327,940
45074,948
43829,958
43704,964
48311,972
51922,1009
48809,1048
49432,1068
48809,1086
48809,1102
55035,1115
57151,1149
56280,1187
52793,1224
54039,1240
60140,1242
61011,1257
58396,1272
61136,1270
62505,1276
62381,1281
463,1286
1334,1296
1210,1303
1708,1309
1085,1316
214,1324
1085,1323
3077,1322
2704,1326
1459,1330
64996,1336
64000,1339
63750,1341
63252,1344
62630,1348
62879,1348
63252,1348
63501,1348
61136,1356
60015,1358
62132,1353
62879,1353
62007,1356
61136,1357
61385,1356
61883,1355
62879,1353
63252,1353
48560,1345
24031,1275
15066,1163
14070,1000
27144,899
28763,893
25650,903
22786,899
25899,872
26521,869
23782,870
25899,858
26272,855
24405,858
26148,851
26148,850
25774,848
26272,848
26023,849
32623,828
32996,836
32249,838
33619,833
34117,835
34117,837
34241,837
34739,836
34117,840
34366,841
35113,839
34241,844
34615,843
34615,844
32996,851
29261,863
33743,844
36607,840
37977,839
38101,838
37977,839
38724,838
40218,838
39720,840
39595,841
40093,840
38724,846
39222,845
39844,843
39720,844
40093,844
41961,840
41338,843
43082,839
43953,838
43704,840
45447,837
45821,837
46070,837
45821,840
44949,843
44949,844
45821,843
45696,843
43331,852
41836,857
33992,887
23409,922
16934,914
23160,868
19300,877
18055,871
19424,864
19424,860
18677,860
18553,859
18802,855
18926,853
18802,852
19175,849
18677,850
18926,849
18926,848
18926,847
18553,849
18428,849
19300,845
18428,849
18802,847
18677,848
18553,848
19798,844
24156,834
27144,829
24280,841
23533,841
24903,837
24280,841
24031,843
24654,841
25027,841
23782,846
36980,856
46194,904
5070,992
2828,1162
53790,1277
53292,1372
55782,1459
50303,1529
43455,1578
42210,1606
39844,1624
38724,1638
38475,1648
37603,1658
37105,1663
36358,1669
35611,1674
36233,1673
35860,1675
36482,1674
36358,1675
35984,1676
35984,1676
35735,1677
35735,1676
35611,1676
35984,1674
35860,1674
35611,1675
35860,1674
35735,1674
35984,1673
35611,1674
35237,1675
35486,1674
35735,1673
35735,1673
35362,1674
35611,1673
35735,1673
35984,1672
35860,1672
35611,1673
35611,1673
35611,1673
35984,1672
35735,1673
35486,1674
35611,1674
35486,1674
35611,1673
35362,1674
35113,1675
35486,1673
35362,1674
35860,1672
35362,1674
35237,1674
35237,1674
35362,1674
35611,1673
35486,1673
35237,1675
35113,1674
35113,1674
35486,1673
35486,1673
35113,1675
35237,1674
35113,1674
35362,1673
35113,1674
34864,1675
35113,1674
34988,1675
35237,1673
35611,1673
35113,1674
29634,1672
12203,1631
20296,1546
19424,1476
19424,1428
23160,1383
24280,1360
25401,1343
25525,1330
26646,1312
27891,1303
29012,1297
30755,1297
30630,1302
30257,1305
30506,1308
30257,1314
30008,1316
30257,1316
30506,1317
30755,1317
30132,1320
30132,1319
26397,1317
10210,1216
0,1108
0,991
8218,884
25152,825
32249,841
21541,879
18179,860
25027,844
22288,855
22911,847
23782,848
28265,858
26771,878
24778,897
25401,905
26023,911
28887,916
27767,936
29136,953
28265,963
28763,967
28140,975
28638,980
29261,980
29012,982
28389,985
28389,987
28638,987
28887,986
29136,986
29012,986
28389,989
28140,990
28763,988
30257,988
32000,998
30630,1018
30630,1023
30381,1028
29634,1033
29510,1035
29883,1036
29510,1039
29012,1041
28887,1044
29261,1043
29385,1042
29385,1043
29385,1043
28887,1045
28389,1047
29012,1045
29012,1045
28887,1045
29385,1043
29510,1042
29261,1043
29261,1043
29510,1043
35237,1024
36980,1014
29759,1002
26397,954
32498,907
36109,891
37105,881
40467,861
43082,852
46817,841
47439,838
48685,834
42459,859
22039,938
13323,933
10958,898
19922,866
18926,872
16685,867
18179,859
17557,860
17681,855
17806,853
17183,854
17806,851
17930,849
17432,850
17806,849
17681,848
17557,848
17308,849
17557,848
17930,846
16685,850
17183,849
17557,847
17183,848
17308,848
17806,846
17930,845
17059,849
17432,847
17806,846
17183,848
17308,847
18304,844
17557,847
16934,849
17432,847
17930,845
17183,848
17308,847
18179,844
17681,846
17308,848
17806,846
17681,846
16685,850
17308,847
17806,845
17681,847
17681,846
17806,846
17183,848
17308,847
17930,845
16934,849
17432,847
17806,846
17183,848
17059,848
17432,847
17930,845
17308,848
18055,845
17432,847
17308,848
17806,846
17930,845
17059,849
17806,846
17681,846
17308,848
17681,846
17930,845
17557,847
17681,846
18055,845
16934,849
17557,847
17681,846
17681,846
17308,848
17930,845
16934,849
17059,848
17806,845
17308,847
17308,848
18055,845
17930,845
16934,849
17557,847
17806,846
17432,847
17806,846
18055,845
17681,846
17308,848
17681,846
17930,845
17059,849
17432,847
17806,846
17432,847
17183,848
17806,846
17930,845
17183,848
17681,847
18179,845
17557,847
17308,848
17806,846
17806,846
17806,847
18179,846
18304,845
17308,849
17557,848
17930,846
17432,848
17930,846
17930,847
18179,845
16934,850
17308,848
17930,846
17308,848
17308,848
18055,846
18179,845
16934,850
17557,847
17806,846
17432,847
17681,847
17806,846
18055,845
17308,848
17432,847
18179,845
17059,849
17432,847
18055,846
17557,847
16934,849
17557,847
18055,845
17059,849
17681,847
18304,844
17681,847
17557,847
18055,845
17930,846
17183,849
17681,847
18428,844
17681,847
18055,846
18055,846
18428,845
17806,848
18055,846
18428,845
17432,849
17806,847
18055,846
17681,848
17432,848
18055,847
18304,845
17681,848
18055,847
18179,846
17059,850
17806,847
18179,845
17806,847
17681,848
17806,847
18179,846
16934,850
17557,848
18677,844
17681,847
17557,848
18304,845
18179,846
17059,850
17557,848
18304,845
17681,847
17930,847
18055,846
18304,845
17432,848
17806,847
18055,846
17432,848
17806,847
18055,846
17557,848
17432,848
17557,848
18055,846
17183,849
17681,847
18055,846
17432,848
17432,848
17806,846
18055,845
17557,847
18055,846
18428,844
17681,847
17432,848
18055,846
18304,845
17806,847
17681,847
18304,845
17183,849
17681,847
17557,847
17930,846
17308,848
17681,847
18428,844
17557,848
19549,842
20918,839
26023,826
30630,821
29012,830
27891,832
28140,833
28763,834
29261,834
28763,837
29136,838
29634,837
28638,843
28763,843
29385,842
32374,832
37852,824
40093,823
39720,826
41214,825
41712,828
41712,828
42210,833
44451,837
44078,845
45447,848
42708,863
32125,891
31253,889
40093,897
48934,925
47564,969
46817,998
45821,1019
46070,1032
46568,1045
46319,1054
46319,1061
45572,1066
45323,1069
45696,1070
45323,1072
45323,1073
44949,1075
44327,1078
45074,1076
45323,1076
45447,1076
45198,1077
44949,1076
44949,1076
45074,1076
44825,1077
44327,1078
53167,1055
52669,1061
47190,1054
44327,1026
42708,998
41089,973
38101,958
37852,941
39097,924
38724,914
38599,905
38475,901
37852,895
36233,886
36731,875
37230,869
38973,862
38724,859
38848,855
40591,849
43082,843
43829,842
43331,843
44327,840
45945,836
47066,836
48809,833
49307,835
51175,832
51548,832
52046,833
52171,835
52544,835
53042,835
52669,838
52420,841
58521,842
1085,862
60015,908
61385,924
62007,939
61011,955
61883,966
62007,973
61634,981
62132,984
64373,989
1708,1008
338,1023
961,1033
2953,1044
3077,1062
2081,1078
2081,1087
1085,1097
712,1105
1957,1112
5568,1125
7684,1147
8058,1171
7311,1188
6813,1202
7186,1212
6937,1221
6813,1227
6564,1233
7435,1234
7684,1237
7311,1240
7186,1242
7311,1243
7311,1243
7560,1244
7560,1245
7684,1245
7684,1245
9801,1247
13412,1257
14657,1280
13412,1295
14657,1306
15529,1317
14283,1329
15031,1334
14906,1339
14533,1347
14159,1350
8680,1349
47190,1321
38475,1201
31626,1090
36109,951
47938,877
47564,878
26023,926
28887,879
38724,860
37728,860
40342,846
44700,835
45696,836
44451,838
43829,838
43953,839
44202,839
45323,836
44949,840
44949,841
46070,837
45323,842
45074,844
44327,847
43206,850
42708,851
42584,851
42334,851
36482,871
31377,890
28514,894
27518,885
26771,876
28638,868
28016,868
27518,863
27020,863
26397,863
23907,867
21790,871
21292,868
22039,862
23907,854
26895,846
28389,845
28140,844
35113,824
38475,825
37603,828
38226,827
38848,828
39595,829
40840,827
40716,832
41463,836
41836,839
51797,845
63626,888
56902,954
58521,984
57400,1012
56529,1034
55408,1056
59517,1083
59642,1105
59891,1128
60264,1146
62754,1152
62132,1167
59766,1181
61634,1197
64000,1224
2579,1258
8307,1314
12167,1342
17396,1380
14657,1420
14533,1455
14533,1478
14159,1499
14782,1512
15404,1524
14533,1545
14533,1556
14782,1561
14408,1568
13536,1573
8680,1578
4945,1567
5817,1548
214,1555
65120,1542
4821,1517
63128,1507
40591,1463
32747,1377
34241,1257
34366,1176
40342,1126
49307,1110
63626,1138
52420,1181
53416,1211
52669,1239
54661,1254
57525,1269
58770,1277
59891,1287
59517,1296
58396,1304
61260,1303
2081,1308
3326,1327
2330,1345
63750,1370
62007,1380
2953,1374
3077,1385
3077,1389
4198,1389
2330,1400
58147,1427
61509,1429
6190,1420
7560,1434
5319,1448
5070,1454
4696,1459
62754,1482
62630,1482
63377,1484
4074,1471
2953,1480
3451,1478
2579,1481
64996,1489
61385,1497
1583,1501
3949,1516
7186,1525
6066,1540
7435,1551
9179,1552
9552,1556
9552,1559
9303,1562
7311,1563
5941,1560
2455,1549
961,1535
59642,1523
32996,1472
28514,1343
25401,1238
29012,1144
41712,1093
48809,1079
49805,1090
46568,1091
50054,1078
50303,1079
47938,1084
47439,1083
45323,1092
41214,1096
43829,1090
42957,1095
43455,1093
44202,1092
43953,1093
43829,1093
43455,1094
43331,1096
43331,1095
44078,1093
44451,1091
43953,1093
43704,1094
44078,1092
44327,1091
44327,1091
44576,1090
47066,1093
48809,1110
56653,1108
62007,1139
58770,1162
60638,1175
58521,1196
55408,1221
54661,1231
54910,1235
54537,1241
54910,1243
54786,1246
54412,1249
52918,1254
49307,1261
55159,1248
54288,1254
53790,1253
54163,1253
54661,1252
54786,1253
51050,1269
49930,1271
52295,1269
58895,1253
61136,1259
60389,1260
60389,1261
60264,1262
61758,1262
64871,1270
712,1281
2081,1294
1708,1303
64996,1324
64622,1330
587,1331
1957,1332
1957,1336
1583,1338
961,1341
65120,1344
64498,1346
1957,1348
4074,1359
3202,1376
3949,1382
5568,1394
587,1403
64622,1397
60887,1395
49058,1336
19798,1261
24405,1136
16934,1036
23035,934
32125,890
30506,895
29261,894
25027,888
28389,867
27144,864
27891,858
26148,863
24778,859
29385,844
34490,837
33121,841
32996,840
37105,833
36482,835
34241,843
34988,841
35860,839
36607,842
46194,845
46194,868
42210,890
45945,900
46941,921
47066,942
48685,961
50926,988
51424,1016
49930,1038
52544,1047
52544,1062
52420,1072
53042,1078
52793,1084
51797,1092
50926,1097
51050,1100
50926,1102
51797,1102
51673,1103
52295,1103
52046,1105
51673,1107
51548,1107
51548,1108
51673,1108
51299,1110
51299,1110
51175,1111
50801,1113
50677,1114
47066,1122
45323,1124
45821,1122
52171,1107
50926,1114
50179,1113
51050,1112
49556,1115
47190,1120
45945,1121
45572,1122
45198,1123
44700,1124
44700,1123
44327,1125
44202,1124
44825,1121
43704,1118
32249,1100
33121,1032
29759,973
30630,925
33868,903
35860,894
32249,891
31626,879
31626,874
32872,865
33245,860
33121,857
33619,854
34739,850
34490,849
33494,851
33370,850
34739,845
34366,846
35362,844
36731,845
40591,853
44700,867
48934,886
52046,916
49058,948
50677,990
49058,1023
48809,1045
53416,1052
52295,1073
52295,1084
52420,1099
52420,1104
53167,1106
53167,1110
52793,1112
54163,1111
50552,1116
39595,1098
32125,1035
28016,929
35113,893
36731,886
34864,882
34366,872
36731,860
37852,854
36109,857
35984,854
36607,850
36358,850
35735,851
36607,848
36731,846
36980,846
37977,845
37479,845
36482,848
35611,851
36233,848
36358,847
32125,862
28016,873
28016,869
27518,867
27269,864
28265,859
29012,855
27518,858
28140,854
28887,851
28389,852
28514,851
28887,850
29136,847
28140,850
27767,851
26397,855
22911,865
21167,868
20918,866
20669,863
19051,865
18802,863
18926,860
18179,860
17806,859
18553,855
18677,853
17557,855
18428,852
18553,850
18055,851
18304,850
18677,849
18802,847
17681,851
17930,849
18553,847
18055,848
18304,848
18802,846
18677,846
17930,849
18304,847
18677,846
18179,847
17557,850
18055,847
18179,847
17557,849
17681,848
18304,846
17308,849
17806,847
18428,846
17930,847
17930,847
18055,847
18304,846
17432,849
17557,848
18304,845
17930,847
18179,847
18304,846
18428,845
17681,848
17930,847
18428,845
18055,847
17930,847
17930,847
18304,846
17681,848
17681,848
18677,844
17806,848
17930,847
18304,846
17930,847
17806,848
18055,847
18553,845
17681,848
17806,848
18179,846
17183,850
17681,848
18179,846
18055,846
17557,848
17681,848
18428,845
17308,849
18179,846
23533,831
23160,838
22662,839
25027,833
19175,854
16934,860
17432,856
20420,844
24405,837
18553,858
17806,855
18055,852
17557,853
17432,853
18055,849
17557,850
17806,850
18179,848
18055,847
17308,850
17432,849
17806,847
16685,851
17681,848
17930,846
17557,848
17183,849
17183,848
17930,845
17059,849
17557,847
17930,846
17557,847
17183,848
17681,846
17806,846
16934,849
17432,847
18055,845
17432,847
17183,848
17557,846
17681,846
17308,847
17557,847
17806,845
16934,849
17308,847
17557,846
17432,847
17308,847
17557,847
18055,845
17183,848
17308,848
17930,845
17059,849
17681,846
17930,846
17557,847
17681,847
17557,847
17930,846
16934,849
17183,848
17806,846
17308,847
17308,847
17308,847
17681,846
16934,849
17183,848
17930,845
17432,847
17432,847
17681,846
17806,845
17308,847
17183,848
18055,845
17432,847
17557,847
17806,846
17557,847
17308,848
17432,847
17806,846
17183,848
17308,848
17806,846
17432,847
16934,849
17681,846
17806,845
17308,847
17557,847
17806,846
17183,848
17183,848
17557,846
17806,845
17183,848
17681,846
17806,846
16934,849
17557,847
17557,847
17308,847
17183,848
17308,847
17806,845
16810,849
17308,847
17806,845
17308,847
17308,847
17681,846
17806,845
17059,848
17183,848
17806,845
17681,846
17806,846
17930,845
17432,847
17183,848
17432,847
17930,845
17308,848
17681,847
18055,845
17557,847
17059,849
17557,847
17930,845
17059,848
17557,847
17930,845
17557,847
17183,848
17557,847
17681,846
17183,848
17432,847
17806,845
16934,849
17183,848
17557,846
17308,847
17432,847
17681,847
18179,844
17059,849
17432,847
17806,846
17183,848
17308,847
18055,845
18055,845
17059,849
17557,847
17930,846
17557,847
17681,847
17930,846
18304,844
17432,848
17557,847
17806,846
17183,848
17681,847
17806,847
17806,846
17557,847
17557,847
18055,845
17432,848
18055,846
18179,845
17681,847
17557,848
17806,847
17930,846
17308,848
17930,847
18055,846
17681,847
17308,848
17557,847
17806,846
17183,848
17681,846
17930,845
17059,849
17183,848
17930,845
17308,847
17183,848
18055,845
18055,845
17308,848
17432,847
17806,846
17059,849
17308,847
17183,847
16934,848
17432,847
17681,846
16810,849
17059,848
17930,845
17681,846
17432,848
17806,846
18055,845
16934,849
17557,847
18055,845
17557,847
17183,848
17681,846
17806,845
16810,849
17183,848
17930,845
17308,848
17557,847
17930,845
17183,848
17059,848
17183,848
17806,845
17308,848
17806,845
17059,848
16810,849
17308,847
17806,845
16934,848
17308,847
17183,847
17059,848
17308,847
17681,845
17183,847
17806,846
18055,845
16934,849
16934,848
17557,846
17308,847
17183,848
17681,846
17806,845
17059,848
17308,847
17806,845
17183,848
17806,846
17557,847
17183,848
17308,847
17806,845
17059,848
17308,847
17930,845
17557,847
17308,848
17930,845
16934,849
17557,847
18055,845
17432,847
17557,847
17681,846
17806,846
16934,849
18055,845
16934,849
17308,848
17806,846
17681,846
17557,847
17681,847
18055,845
17183,848
17183,848
17930,845
17432,847
17308,848
17681,846
17930,845
17059,849
17308,848
17930,845
17308,847
17681,846
18055,846
17930,845
17308,848
17308,848
17681,846
17059,849
17308,848
18055,845
17681,846
17557,847
17557,847
18055,845
17183,848
17557,847
18055,845
17681,847
17432,848
17557,847
17806,846
16810,849
17059,848
17930,845
17059,848
17930,846
18055,846
17432,847
17308,848
17432,847
18179,845
17059,849
17930,845
17557,847
17308,848
17681,846
18179,844
17183,848
17308,848
17681,846
17432,847
17681,846
18055,845
17183,848
17432,847
17806,846
17059,848
17557,847
17432,847
17806,846
17183,848
17930,845
16810,849
17183,848
17806,846
17432,847
17059,848
17557,846
17681,846
16685,849
17308,847
17557,846
17432,846
17432,847
17557,846
18055,844
17183,848
17432,847
17930,845
17183,848
17557,847
17930,845
17681,846
17183,848
17432,847
17930,845
17059,849
17557,847
18304,844
17557,847
17183,848
17681,847
18055,845
17308,848
17806,847
18055,845
16934,849
17183,848
17930,845
17432,847
17183,848
18055,845
17806,846
17183,848
17308,848
17930,845
17308,847
17183,848
17681,846
17059,848
17432,847
17681,846
16810,849
17059,848
17557,846
17557,846
16810,849
17432,847
17806,845
17059,848
17681,846
17806,845
17557,846
17308,847
17681,846
18055,845
17183,848
17183,848
17557,847
17557,847
17557,847
17930,845
17432,847
17930,845
16934,849
17432,847
17681,846
17681,847
17681,847
18055,845
17308,848
17557,847
17930,846
17557,847
17183,848
18179,845
17183,848
17557,847
18179,845
17183,848
17183,848
17681,846
18055,845
17432,848
17930,845
16810,850
17059,848
17557,847
17432,847
17308,848
17930,845
17806,846
17308,847
18055,845
17308,848
17681,847
17806,846
17681,847
17183,848
17681,847
18055,845
17183,848
17183,848
17806,846
17432,847
17308,848
17557,847
18055,845
16934,849
17557,847
18055,845
17432,847
17432,847
17557,847
18055,845
17059,848
17806,846
18179,845
16934,849
17308,848
17806,846
17432,847
17557,847
17681,847
18304,844
16934,849
17059,849
17806,846
17308,847
17308,848
18055,845
17930,845
17059,849
17432,847
17930,845
17557,847
17432,848
17930,845
17930,845
17183,848
17432,847
17806,846
16810,849
17806,846
18055,846
17557,847
17183,848
17557,847
17806,846
16685,850
17308,847
18055,845
17557,847
17059,848
17681,846
17930,845
17183,848
17557,847
17806,846
16934,849
17183,848
17806,846
17059,848
17557,847
18055,845
17183,848
17059,848
17930,845
17432,847
17059,848
17930,845
17059,848
17183,848
17930,845
17432,847
17308,847
17930,845
18055,845
17557,847
17308,848
17308,848
17432,847
17806,846
17681,846
17557,847
17681,847
18179,845
17308,848
17557,847
17681,847
17432,848
17681,847
17930,846
16934,849
17308,848
17930,845
17557,847
17308,848
17681,847
17806,846
17183,848
17183,848
17930,845
17308,848
17432,847
17681,846
17432,847
16934,849
17059,848
17681,846
16934,848
17183,848
17681,846
17308,847
17059,848
17681,846
17930,845
17183,848
17930,846
17930,845
16934,849
17183,848
17930,845
17806,846
17557,847
17681,846
18055,845
16934,849
17308,848
18055,845
17557,847
17557,847
17806,846
17681,846
16810,849
17308,847
17806,845
17308,847
17806,846
17930,845
17930,846
17557,847
17432,848
17930,846
17308,848
17557,847
17930,846
17681,847
17308,848
17557,847
17806,846
17183,848
17557,847
18179,845
17557,847
17308,848
17432,847
17681,846
17183,848
17308,848
17930,845
16934,849
16934,849
17681,846
17432,847
17059,848
17557,847
18055,845
17059,848
17308,847
17681,846
17432,847
17432,847
18179,845
17930,845
17183,848
17432,847
17930,845
17432,847
17557,847
17930,846
17930,845
17183,848
17432,847
17806,846
17059,849
17557,847
18179,844
17557,847
17308,848
17681,846
18055,845
16934,849
17308,847
17930,845
17059,849
17183,848
17308,847
17308,847
17059,848
17059,848
17930,845
17308,848
17432,847
17930,845
17681,846
17059,848
17806,846
18179,844
17183,848
17557,847
18055,845
17557,847
17059,849
17681,846
18179,844
17557,847
17806,847
17806,846
17059,849
17308,848
17557,847
17681,846
17432,847
17557,847
18055,845
17183,848
17308,848
18179,845
17806,846
17557,847
17806,846
17930,846
17059,849
17308,848
17930,846
17681,846
17308,848
17557,847
18055,845
17183,848
17183,848
17930,845
17432,847
17308,848
17681,846
17432,847
17059,848
17183,848
17930,845
17681,847
17681,847
18055,845
17806,846
17183,848
17432,847
17806,846
17308,848
17557,847
18055,845
17059,849
17308,848
17681,846
17557,847
17432,847
17557,847
18179,844
17432,848
17432,848
18055,845
17681,847
17806,846
18179,845
18304,845
17059,849
17557,848
18055,846
17681,847
17557,847
18055,846
18179,845
17183,849
17432,848
17930,846
17059,849
17308,848
18055,846
17930,846
17308,848
17432,848
17930,846
16810,850
17557,847
18179,844
17557,847
17308,848
17930,846
18179,845
17308,848
17308,848
18304,844
17557,847
17308,848
17557,847
18055,845
17183,848
17557,847
18179,844
17432,848
17557,847
17806,846
17681,847
17432,848
17681,847
18553,844
17432,848
17557,848
17930,846
17183,849
17308,848
18055,845
17806,846
17183,849
17308,848
17930,846
17059,849
17308,848
18179,845
17557,847
17432,848
17681,847
17806,846
17059,849
17308,848
18055,845
17806,846
17557,848
17681,847
18179,845
17183,848
17930,846
18304,845
17308,848
17557,847
17930,846
17557,847
17308,848
17308,848
18179,845
17183,848
17432,848
18055,845
17432,847
17183,848
17806,846
18179,844
17308,848
17557,847
18055,845
17557,847
17308,848
17432,847
17930,845
17059,848
17681,847
17806,846
17183,848
17557,847
17681,846
17557,847
17681,847
17557,847
18179,845
17059,849
17059,849
17806,846
17681,846
17308,848
17557,847
18179,844
17059,849
17308,848
18055,845
17557,847
17308,848
17806,846
18055,845
17059,849
17681,847
17806,846
17183,848
17432,848
17806,846
17806,846
17308,848
17557,847
17806,846
16934,849
17308,847
17681,846
17183,848
17557,847
18055,845
17557,847
17806,847
18179,845
17308,848
17308,848
17557,847
17557,847
17308,848
17681,847
18179,844
17183,848
17681,847
17930,846
17557,847
17432,847
17806,847
18179,845
17183,848
16934,849
17681,846
17308,847
17308,848
17930,846
17930,845
17308,848
17930,845
17059,848
17557,847
18055,845
17930,845
17059,849
17183,848
17930,845
17308,848
17930,845
17432,847
17557,847
17930,846
17930,845
17059,849
17681,847
18179,845
17681,847
17930,846
17681,847
17432,848
17806,846
18304,844
17308,848
17557,848
18055,846
17432,848
17557,847
17930,846
17308,848
17930,846
17806,846
17308,848
17557,847
17806,846
17681,847
17681,847
17930,846
16934,849
17557,847
17930,846
17806,846
17432,848
17681,847
16934,849
17308,848
17681,846
17681,846
17432,848
17681,846
17930,845
17059,848
17308,848
17930,845
17308,847
17432,847
17930,846
17681,846
17308,848
17183,848
18055,845
17806,847
17557,848
18055,845
17681,847
17183,849
17806,846
17930,845
17308,848
17681,847
18055,845
17681,847
17059,849
17806,846
17930,845
17432,847
17806,847
18553,844
17308,848
17432,848
17806,846
17681,847
17930,846
17806,847
18428,845
17432,848
17557,848
18055,846
17557,848
17681,847
17930,846
17930,846
17557,848
17308,849
17183,849
17432,848
18055,845
17806,846
17557,847
17806,847
18179,845
17432,848
17806,847
17930,846
17806,847
17681,847
18179,845
17432,848
17930,847
18179,845
17432,848
17681,847
17806,847
17308,848
17930,847
18428,844
17681,847
17432,848
18055,846
17681,847
17308,848
17930,846
18304,845
17557,848
17806,847
17806,847
17557,847
17308,848
17557,847
18055,845
17183,848
17308,848
18055,845
17183,848
17183,848
17806,846
17681,846
17308,848
17681,847
18304,844
17183,848
17557,847
18179,845
17930,846
17681,847
17930,846
18304,845
17183,849
17432,848
18055,846
17432,848
17930,847
17806,847
17557,848
17432,848
18179,845
17432,848
17557,848
18179,845
17308,848
17806,846
18304,844
17059,849
17681,847
18179,845
17557,847
17432,848
17806,846
18179,845
17681,847
18055,846
18428,845
17432,848
17557,848
17806,847
17930,846
17557,848
18055,846
18304,845
17432,848
17930,846
17930,846
17183,849
17806,847
18055,845
17308,848
17557,848
17930,846
17681,847
18179,846
18304,845
17308,848
17308,848
17930,846
17059,849
17308,848
18055,846
17308,848
17557,847
18055,845
17059,849
17806,847
18179,845
17681,847
17432,848
17806,847
17059,849
17681,847
18428,844
17681,847
17432,848
18304,845
17806,847
17432,848
18179,845
17557,848
17681,848
18055,846
17681,847
17308,848
18428,845
18055,846
17557,848
17930,847
18179,845
17308,849
17432,848
18179,845
17681,847
17432,848
17432,848
18179,845
17183,849
17557,847
18055,846
17806,846
17557,847
18055,846
18179,845
17308,848
17681,847
18304,845
17930,846
17557,848
17930,846
18179,845
17308,848
17557,848
18179,845
17432,848
17806,847
17806,847
17930,846
17681,847
17930,847
18553,844
17308,849
17681,847
18428,845
17930,847
17432,848
17806,847
18304,845
17059,849
17930,847
18304,845
17806,847
17308,848
17806,847
18428,844
17308,848
17930,847
18055,846
17432,848
17681,847
17806,847
17930,846
17681,847
17806,847
18304,845
17432,848
17308,848
18179,845
17183,849
18179,846
18055,846
17557,848
17806,847
18179,845
17557,848
17930,847
18304,845
17681,847
17806,847
18179,845
17183,849
17681,847
18179,845
17681,847
17557,847
17930,846
18179,845
17930,847
18304,845
17432,848
17432,848
17930,846
17806,847
17557,848
17681,847
18677,844
17432,848
18055,846
17806,847
17681,847
18428,845
18304,845
17432,848
17806,848
18179,846
17930,846
17557,848
18304,846
18304,845
17308,849
17308,849
18179,845
17059,849
17557,847
18179,846
17930,846
17681,847
17557,848
18179,845
17308,849
17681,847
18179,845
17930,846
17059,849
17681,847
18055,845
17059,849
17308,848
18179,845
16934,849
17308,848
17806,846
17681,846
17432,847
17432,847
18304,844
17557,847
17557,847
18055,845
17806,846
17308,848
17806,846
18304,845
17183,849
17308,848
17930,846
17557,847
17308,848
17806,846
18304,844
17681,847
17557,848
17806,846
17059,849
17308,848
17806,846
17681,846
17308,848
17308,848
18179,845
17059,849
17183,848
17930,845
17930,845
17930,846
18179,846
18428,844
17308,849
17557,848
18179,845
18055,846
18802,844
21292,838
17681,850
17059,851
17308,850
18428,845
17806,848
17930,848
18304,846
18055,847
17432,849
17681,848
18428,845
17557,849
18055,847
18553,845
18055,847
17681,848
17930,847
18428,845
17681,848
17930,847
18802,844
17308,849
17557,848
18179,846
17930,847
17806,847
18304,846
18677,844
17308,849
17557,848
18428,845
18179,846
18553,845
20669,840
25276,827
30008,822
28887,830
28140,831
28140,833
29261,833
29385,834
28389,839
28638,840
28638,841
28638,842
28514,843
28514,844
29385,841
28638,845
29012,844
29385,843
28514,847
28638,846
29385,844
29510,844
28265,849
28140,849
29012,846
28887,846
29261,846
29261,846
29012,846
28887,847
28638,848
29261,846
28389,849
28887,847
29510,844
29136,846
28763,848
28514,848
29510,845
28514,848
29136,847
29634,844
28887,847
29136,846
29385,846
29385,846
28514,849
28514,849
29385,845
28763,847
28887,847
29136,847
28887,847
28389,849
28763,847
29261,845
28389,848
29012,847
29385,845
29261,846
32125,838
34615,835
35611,833
38973,828
38724,833
36980,836
36856,838
37852,837
38226,837
37728,840
37852,841
37852,842
37603,844
37230,846
36607,848
37603,844
36358,849
36731,848
37479,845
37105,846
31253,867
28763,872
29385,866
28016,867
28140,863
28763,858
29136,855
28265,857
27767,857
28887,851
27642,855
28514,851
28887,849
28638,849
28265,850
28514,849
28887,847
28016,850
28638,848
28638,848
28638,847
28265,848
28265,849
28887,846
27891,849
28638,847
29385,844
28389,848
28140,848
28389,847
28763,846
28140,848
28763,847
29012,845
28389,847
28389,847
28638,846
28887,846
28514,847
29012,846
29261,844
28514,847
28389,848
29012,846
28514,847
28514,847
28638,847
29136,845
28389,848
28265,848
28887,846
27891,849
28265,848
28638,846
28514,847
28514,847
28389,848
29136,845
28016,849
28514,847
29261,844
28763,846
28638,847
28638,847
29136,845
28140,849
28265,848
29136,845
28763,846
28763,847
28638,847
29136,845
28389,848
28389,848
29136,845
28389,848
28763,847
28265,848
28265,848
28389,848
28514,848
29012,845
28389,848
28887,846
28887,846
28763,846
28514,847
28514,847
29510,843
28638,848
30630,841
40093,818
43953,813
46817,821
42584,831
43704,830
42833,836
43331,836
43829,836
43580,839
44202,839
41961,847
34366,874
31253,882
29385,882
28514,876
28016,872
28389,868
29012,863
28763,861
28887,859
29012,857
29136,854
28514,855
28265,855
28887,850
28514,851
28887,850
28763,850
29136,847
28638,849
28140,850
29385,846
28389,849
28514,848
28638,848
28763,847
28389,848
28140,849
29136,845
28140,849
28514,847
29261,845
28638,847
28514,848
28389,848
28887,846
28140,848
28638,847
29012,845
28638,847
28389,848
28389,848
28763,846
28514,847
28763,847
29012,845
28016,849
28514,847
28638,847
28887,846
28763,848
29136,845
28265,848
28763,847
29136,845
29012,846
28887,846
47813,802
50428,817
41214,844
42957,838
42334,842
43082,841
43953,839
43331,842
42957,844
43082,844
43082,845
32872,883
30506,886
32125,869
42957,836
46194,838
40716,849
43455,838
43331,843
43829,840
42584,845
43580,842
44078,841
43331,844
43455,844
44327,842
35486,874
34241,872
34864,866
35237,861
36482,855
38724,850
40218,846
41836,841
41338,844
41961,842
43082,839
42584,842
42459,843
42085,845
41089,848
40840,849
41338,847
40840,849
42085,845
41836,846
41214,848
40342,851
39595,853
39969,850
39720,850
38973,853
35113,865
30132,880
28140,882
27144,877
28140,868
28265,864
28389,862
28638,859
29012,855
27767,858
28016,856
28514,852
28140,852
28140,852
28514,850
29385,846
28389,850
28638,849
28887,847
28514,848
28514,848
28763,847
29136,845
28514,847
28389,848
28763,846
28016,849
27891,849
29012,845
28389,847
28638,847
28638,847
28763,846
28265,848
28016,849
28638,846
28514,847
28763,846
28389,847
28016,848
27891,849
28887,845
28140,848
28265,847
28638,846
28016,848
28016,848
28763,845
28638,846
28887,846
28887,845
28389,847
28265,848
28514,847
28016,848
28389,847
29012,845
27891,849
28265,848
28389,847
28389,847
28514,846
28763,847
29261,844
28389,848
28389,848
28763,846
28514,847
28638,846
29136,846
29261,845
28265,848
28265,848
28887,846
28638,847
28514,847
29136,846
29385,844
28389,848
27891,850
28887,846
27891,849
28140,848
28763,846
28763,846
28016,849
27642,850
28887,845
27891,849
28389,847
29012,845
28638,846
28389,847
28389,847
28638,846
28016,848
28389,847
29261,844
28140,848
28265,848
28140,848
28389,847
28140,848
28763,845
27767,849
27767,849
28389,846
28265,847
27767,848
28638,846
29261,843
28638,846
28638,847
29012,845
28389,847
28389,847
29136,845
29510,844
28638,847
28638,848
28887,846
28265,848
28763,847
28638,847
28763,846
28638,848
28389,848
28265,848
29261,845
29012,846
28638,847
29136,845
28140,849
28140,849
29012,846
28763,846
28389,848
28638,847
29261,845
28514,848
29136,845
28389,848
29012,846
28638,847
28514,848
28265,848
28265,848
29385,844
28514,847
29261,845
28389,848
28389,848
28514,847
28638,847
28265,848
28638,847
29261,844
28389,848
28763,846
28514,847
28514,847
29012,846
29385,844
28389,848
28514,848
28763,847
28389,848
28887,846
29385,846
29136,845
28389,848
28265,848
29385,844
28514,848
28763,847
28887,847
28514,848
28389,848
28389,848
30879,839
30506,843
37105,828
31128,848
28265,855
30879,844
32747,841
29883,850
29136,852
32872,839
36980,833
35486,840
31502,851
32498,846
35611,836
39471,832
35237,848
31128,858
33370,849
29634,861
29012,861
30132,854
52046,783
12540,727
17770,781
6813,842
5070,848
6439,843
4945,849
5568,847
5941,845
4945,849
4323,851
45821,962
29136,977
23658,937
33619,873
48560,836
49432,842
45447,850
45696,842
47190,838
45696,842
46692,838
46070,841
45198,845
45696,844
44451,848
44700,848
45074,846
43829,850
43455,851
43829,849
43829,848
43455,850
43580,848
43206,849
43455,848
43082,849
43829,845
42708,850
40342,858
32623,886
29385,893
30132,867
38350,845
35113,863
27767,874
29883,861
36109,841
44700,827
41089,841
40591,835
41836,837
41587,838
43331,833
41712,841
42210,839
42708,839
42334,841
42210,843
42584,843
43331,841
42459,845
42334,846
43580,842
43082,844
39720,856
36980,865
31626,882
34366,863
40965,844
39720,852
29883,878
28140,878
27642,874
28389,866
28265,863
28265,862
28763,858
27891,858
27767,857
27891,855
31004,843
40218,824
35113,848
28265,860
33121,840
29634,855
28140,858
33743,836
33743,847
29261,856
30506,850
30008,851
29759,851
29136,853
29759,849
29261,850
32498,841
34490,839
42459,813
39097,852
27518,878
28763,867
28265,866
28016,863
28887,857
28389,857
28016,857
28140,855
28887,850
28265,853
28140,852
28887,849
32374,837
36482,832
36358,835
36482,834
38350,831
39844,831
34615,847
29634,864
28514,865
28763,861
31377,849
38848,833
41338,831
40342,834
39471,837
37728,845
37603,843
30879,867
28514,872
28016,869
29261,860
34117,848
29012,864
30257,852
33370,846
29136,859
28016,859
32747,839
37230,834
39595,831
43331,822
42459,831
41338,834
42334,830
41712,836
41338,839
42459,836
42210,839
41961,841
42584,840
36856,862
30755,882
28763,883
27393,879
27393,873
27393,868
28140,864
29261,860
45945,875
45198,903
49930,915
48187,932
54910,949
58147,990
53292,1025
47315,1063
47938,1074
55408,1067
54288,1086
53292,1095
53416,1098
49681,1102
45198,1088
31626,1083
32996,1038
27518,979
31004,919
36233,893
36358,891
33245,888
32747,877
34739,866
36482,859
37479,854
37852,850
36607,853
37852,847
33743,859
32747,859
35984,846
37852,845
37852,844
36607,848
38724,842
37977,844
36358,849
30381,870
27144,876
27518,870
26771,869
27020,864
34117,842
35860,842
37479,842
41214,850
39720,860
36731,874
36980,877
34864,889
31004,896
41961,886
44202,928
44949,948
47439,960
47813,977
47439,990
47066,1000
47439,1008
42584,1029
45821,1028
52171,1030
49058,1051
52046,1048
53665,1054
53042,1060
52295,1066
53416,1065
53665,1068
53914,1069
53167,1072
51175,1078
50552,1077
50428,1076
41836,1069
30879,1022
32000,957
35362,907
38475,893
40342,884
38475,879
37230,872
37603,866
37852,862
28887,886
26646,887
25899,879
26771,870
36856,840
38350,844
37479,845
37977,841
33370,856
28016,871
26895,871
28887,859
33868,846
29012,863
27144,862
26895,860
26895,857
27393,855
27767,852
26895,854
27518,851
28016,849
27144,850
29634,843
33743,834
33619,837
33494,838
35486,834
34615,841
27891,862
27642,860
27642,857
28514,852
27767,854
28265,852
28514,849
27393,853
27767,850
28389,848
28140,848
28389,848
28265,848
28887,845
27518,850
25525,857
23782,861
22164,863
22039,861
23035,855
27144,842
28514,844
27642,846
28140,842
35237,823
43580,809
50552,805
52793,814
49681,825
49681,828
50054,830
50179,833
50801,833
51175,834
50428,839
49805,843
50428,841
50054,843
49805,845
50179,844
50179,844
49805,846
49556,847
49805,846
50179,845
51797,842
53292,838
53292,840
52171,844
52918,845
58646,851
55782,871
54537,876
59144,877
3202,902
64498,953
4945,976
6315,1020
6688,1059
7933,1086
7062,1115
5319,1135
7933,1147
10673,1165
11295,1188
11171,1210
10299,1227
10050,1239
10548,1248
10050,1258
8929,1266
6190,1277
51797,1318
56031,1303
58272,1310
57400,1313
61509,1305
2704,1291
6439,1288
7062,1286
6937,1285
6066,1283
4945,1281
3575,1279
1832,1280
1085,1278
64871,1277
43082,1240
30506,1160
24405,1050
29261,942
39595,885
44078,868
47066,859
48187,858
41836,866
44327,851
45572,848
45572,846
44825,849
44949,846
46817,840
42210,856
43580,849
42833,852
40218,859
38101,864
32374,885
30132,885
28016,886
29261,871
34490,856
34864,854
36607,848
41587,835
43455,834
43331,841
56031,850
59144,901
56778,948
55657,979
55906,999
52793,1015
48311,1012
51175,987
63750,987
61385,1002
64249,1006
64373,1017
64622,1022
64871,1028
64498,1033
63377,1040
63252,1043
63003,1045
63377,1047
63501,1048
63626,1050
63252,1051
63252,1052
62754,1055
62754,1055
62754,1055
63501,1054
5692,1075
5817,1106
2828,1127
5443,1136
5692,1148
4696,1160
5817,1164
5941,1170
6564,1173
6066,1180
5941,1182
5692,1184
5070,1187
4323,1190
2953,1193
1832,1193
961,1188
1583,1180
4323,1165
2455,1163
1210,1155
1085,1147
65120,1143
61385,1135
35611,1146
16934,1069
26895,926
47813,841
50801,840
49681,850
46941,854
46568,847
49556,840
48311,842
47938,842
48436,841
48685,841
48685,841
49307,841
47938,846
48809,842
48436,845
49183,843
50054,841
50054,842
49307,845
48436,848
49432,844
47564,851
48187,849
49432,844
49930,844
49805,845
47813,851
43829,865
33121,906
30506,885
41214,842
46194,845
29385,892
34615,858
41836,841
30381,877
28016,880
32498,856
41712,834
43206,837
42210,837
43206,837
43455,837
38599,854
31377,879
29385,881
28140,877
28265,871
27269,870
28140,864
28763,860
28016,860
28016,858
28140,856
28763,852
27767,854
28016,852
28389,850
28265,850
28514,849
28638,847
28016,849
28016,849
28638,846
28389,847
28389,847
28763,846
29136,845
28265,848
33494,830
45323,804
49681,817
47688,824
46817,827
46194,833
46319,835
34988,877
36856,863
46568,828
54412,824
52046,832
49058,839
47938,842
47813,843
47938,843
48809,841
49058,842
48311,844
47066,849
47190,848
46319,850
46319,850
47315,846
44576,855
44202,855
44825,851
43953,853
45074,849
44202,851
43829,851
44700,848
45447,845
46070,845
45945,847
45323,847
45447,846
44576,849
43704,852
42708,854
36607,875
32000,892
30506,882
35113,858
39222,853
37105,857
36358,855
38475,848
39346,845
39969,843
41961,839
43082,838
41961,840
43082,838
42708,843
32498,876
27767,883
26895,876
28140,867
27767,866
28514,859
28389,857
28389,856
28638,854
27891,854
28016,852
28887,849
28638,849
27891,851
28016,850
28763,847
27891,850
28514,848
28763,846
28016,849
28638,847
28887,845
28016,849
28389,848
29385,844
29261,845
28763,847
29510,844
28514,848
28389,848
29261,845
28389,848
28763,847
29385,845
28514,848
28514,848
28887,847
29510,844
28265,849
28389,848
29261,845
28763,847
28638,847
29136,846
29634,844
29012,846
29012,847
29385,845
28389,849
28389,849
28389,848
28887,846
29136,846
28638,848
29261,845
28514,848
28638,848
29261,845
28763,847
28514,848
28887,847
29385,845
28140,849
28265,849
29012,846
28638,847
29012,846
29012,846
29510,844
28140,849
28016,849
28638,847
27767,850
27891,849
28514,847
28887,845
28016,849
27767,849
28763,845
28140,848
28887,846
29261,844
28887,846
28638,847
28763,846
29136,845
28514,847
28389,848
29136,845
28638,847
28265,848
28265,848
29136,845
28514,847
29012,846
29385,844
28140,849
28265,848
28763,846
28514,847
28140,848
29136,845
28389,847
28638,847
29012,845
28389,847
29136,845
29012,845
28514,848
28389,848
28887,846
28389,848
28514,847
29136,845
28887,846
28887,846
29136,845
28389,848
28389,848
29261,845
28887,846
28763,847
28763,847
28016,849
28140,849
29510,844
28514,848
28887,846
28763,847
28638,847
28514,848
28140,849
28140,849
28265,848
28887,846
28389,848
28140,848
28389,847
29136,844
28389,847
28514,848
28887,846
34988,827
41463,818
43704,818
43704,821
36109,849
33619,855
31875,860
35735,843
45696,820
46568,828
43953,834
47439,826
46692,831
45572,834
46194,835
46941,834
46443,838
46070,841
45198,845
45945,843
46443,842
49058,837
49930,836
48311,842
47813,844
48311,843
47564,846
47066,847
47190,847
45945,851
44327,856
45074,852
44576,853
44451,852
38724,872
32747,896
32872,879
34366,867
35113,864
36482,858
38475,850
39595,848
41961,842
43580,837
44078,838
45074,837
47066,832
47813,832
46941,837
46443,839
47190,837
46070,843
47813,838
48311,838
47066,843
46443,846
46319,847
45572,849
44202,854
44202,853
44576,850
44825,848
46194,846
46568,845
46941,843
45572,849
44451,851
35113,888
33494,883
34615,870
30132,885
28638,884
32747,859
41712,842
40342,847
38848,848
32872,865
28887,875
29012,869
27642,870
28389,864
29136,859
28638,859
28140,858
27767,857
28638,853
28016,854
28514,852
29136,849
28887,849
28514,850
28016,851
29136,846
28016,850
29012,847
29385,845
28887,847
28638,848
28638,848
29136,846
28265,849
28389,848
29012,846
29012,846
28887,847
28763,847
29136,845
28638,847
28514,848
29261,845
28389,848
28638,847
28638,847
28638,847
28514,848
28763,847
29261,845
28389,848
28763,847
29136,846
28763,847
28514,848
28763,847
29261,845
28265,849
28514,848
29261,845
28514,848
28638,847
28638,847
29385,844
29012,846
28638,848
28887,846
27891,850
28265,848
28638,847
28887,846
28514,848
28140,849
29012,845
28140,848
28514,847
29012,845
28763,846
28514,847
28763,846
29012,845
28389,848
28389,848
29012,845
28016,849
28763,846
29385,844
28763,846
28140,849
28638,847
30381,840
40716,811
59268,778
836,798
59019,830
64000,816
40840,914
30132,934
24778,914
26148,880
32498,867
27767,875
27393,868
29261,860
35486,838
55284,788
3949,776
9926,797
2081,834
4198,828
4447,831
61136,864
41338,948
29012,960
24405,923
28016,883
31751,879
26771,883
27642,869
29012,863
28514,862
28389,859
28514,855
27891,856
28265,854
28887,850
28638,850
28763,850
28763,849
28638,848
27891,850
28389,848
29385,845
27891,850
28887,846
29012,847
28389,848
28389,848
27891,850
28763,846
28016,849
28763,847
29012,845
28763,846
28514,847
28638,847
29136,845
28763,846
28638,848
28887,846
28389,848
28638,847
28514,847
28514,847
28763,846
29136,846
29385,845
28389,848
28389,848
28763,847
28638,847
28887,847
29136,846
29510,844
28638,848
29385,846
30008,843
29385,846
30381,844
30506,844
28265,851
28389,850
28389,850
29136,847
28389,849
28763,848
29136,847
28763,847
28514,848
28389,849
28887,846
28016,849
29883,844
32000,838
31875,841
31751,842
32498,840
35860,831
42459,817
53790,798
62381,796
53665,838
44078,872
38475,894
30630,909
25525,902
26148,877
31875,863
28389,870
27144,867
28638,860
29510,855
29261,855
30132,852
31377,847
30755,848
31253,846
32872,843
31626,846
28887,855
27393,858
28638,852
28763,850
28763,850
28763,850
28140,851
28514,849
28389,850
29012,846
28016,850
28763,847
28763,847
28514,848
32747,835
43455,808
57027,782
4945,775
8431,801
1210,834
43580,936
30755,955
24405,921
26771,883
32374,874
27642,880
26646,872
28514,864
28265,862
28389,857
27891,857
28763,853
28638,852
28265,852
28265,851
35611,830
44451,810
50801,813
51299,818
49556,825
46070,839
33121,890
42085,835
56031,810
57400,834
49058,848
50677,842
52171,839
52793,838
52669,841
51175,846
50677,848
50926,847
50552,848
50801,847
51673,844
51548,846
52171,844
52046,845
51050,848
50801,849
51548,845
51797,846
51797,846
51548,846
50926,848
51050,848
51175,847
51797,845
52046,845
52544,844
51797,847
52046,846
52171,846
51922,847
51922,847
52046,847
52669,844
51548,849
52171,846
51922,847
52171,846
52171,846
52420,845
51922,847
51922,847
52420,845
51922,847
52669,845
52046,847
50801,851
49930,854
48436,858
35860,907
28016,915
25027,895
29136,869
31751,864
49930,813
54412,823
49183,838
48062,837
48809,836
39222,871
32996,896
30755,895
28638,892
27518,884
27020,876
29261,869
29136,866
27767,865
28265,861
28389,859
28887,855
28140,855
28514,854
28763,851
28265,851
28389,850
28265,851
28763,847
28016,850
28638,848
29385,845
29012,847
28265,849
28514,848
29136,845
28389,848
28514,848
28887,846
28265,848
29012,846
28887,846
28389,848
28638,847
28887,847
28638,847
28514,848
28638,847
28514,847
28140,848
28638,846
29261,844
28514,847
28016,849
28265,848
28265,848
29012,846
28763,846
28638,847
28514,847
29136,845
28016,849
28763,846
28887,847
28887,847
29261,846
29510,845
28638,848
28763,848
29634,844
29012,847
29261,846
29136,847
29510,845
28140,850
28389,849
29634,844
28265,849
28763,847
28763,847
28763,847
28763,847
28763,848
29385,845
27767,851
28389,848
29012,846
28389,848
28514,847
28887,846
29510,844
28389,848
29883,844
29261,846
28389,849
28389,849
29261,845
28514,848
28389,848
29136,846
28265,849
28638,847
29012,846
28887,846
28887,847
28638,847
29136,845
28389,848
27891,850
29012,845
28887,846
28763,847
28763,846
28514,847
28265,848
29136,845
28389,848
28763,847
29385,844
28887,846
28514,848
28514,848
29136,845
28638,847
29012,847
29136,846
28887,847
28887,847
31377,840
33868,836
30132,847
32374,839
35735,833
37479,834
28763,860
28514,859
28140,858
29261,852
28140,854
28389,852
28389,851
27891,852
28265,850
29385,846
28265,850
28140,849
28887,846
28638,847
29012,847
29385,844
28389,848
28140,849
29012,846
28514,847
28265,848
28763,847
28514,847
28265,848
29012,845
27891,849
28638,847
29385,845
28887,846
28887,846
29136,846
28638,847
28389,848
29136,845
28638,847
29012,847
28638,848
28763,847
28638,847
28389,848
29385,844
28763,848
29136,846
29385,845
29136,846
28514,848
28763,847
29385,845
28514,848
28638,848
29261,846
28763,847
28763,847
28763,847
29510,844
28887,847
29012,847
29261,846
28265,849
28638,848
28638,848
28887,846
28389,848
28389,848
29136,845
28389,848
28514,848
29136,845
29012,846
28887,847
28638,847
29385,845
28265,849
28514,848
29261,845
28763,847
28638,847
28763,847
29136,845
28514,848
28140,849
29136,845
28638,847
28514,848
28763,847
28763,847
28389,848
28140,849
29012,845
28638,847
28887,847
29012,846
28763,847
28763,847
29012,846
29261,845
28638,847
29012,847
29385,845
28389,849
28514,848
28514,847
28887,846
28638,848
29261,845
28265,849
28514,848
28887,846
28514,847
29261,846
29510,844
28265,849
28140,849
28763,847
28514,847
28514,847
28763,847
29385,844
28514,848
29136,845
28514,848
28763,847
29261,846
29012,846
28763,847
28514,848
29261,845
28638,847
29261,845
28763,847
28638,847
28514,848
29261,845
28638,847
29012,847
29261,845
29012,846
28887,847
28763,847
29136,846
28514,848
28140,849
29012,846
28389,848
28514,848
28514,848
28638,847
28638,847
29136,846
29385,845
28638,847
28887,847
29261,845
28887,847
28887,847
29136,846
29385,845
28763,847
28763,848
29385,845
28389,849
28638,848
29510,844
28887,847
28763,847
28763,847
29136,846
28140,849
28389,848
29136,845
28887,846
29136,846
29012,847
29136,846
28514,848
28265,849
29012,846
28638,847
28887,847
28887,847
28763,847
28638,847
28389,848
29261,845
28389,848
28638,847
29012,846
29012,846
28514,848
28514,848
29261,845
28638,847
28887,847
29261,845
28514,848
28389,848
28514,848
29385,844
28887,847
28638,848
29012,846
28389,848
28514,848
28638,847
28763,846
29012,846
28887,847
29261,845
28265,849
28514,848
29012,846
28763,847
28638,847
28763,847
29136,845
28140,849
28265,848
29261,845
28763,846
28763,847
28887,846
29510,844
28389,848
28638,847
29136,845
28389,848
28389,848
29012,846
28638,847
28514,847
28389,848
28887,846
28514,847
35486,848
52295,884
44576,945
44576,978
44202,994
44700,1008
45696,1020
45696,1028
45821,1035
45696,1041
45198,1049
45323,1051
45572,1053
44576,1057
45323,1057
45074,1059
44700,1059
37603,1056
26023,1020
26272,960
29136,917
31253,905
26895,904
26771,889
28389,878
28140,871
27393,869
28016,864
28514,859
29261,853
28389,855
28389,854
29012,850
27767,853
28514,850
28763,849
28887,847
28514,849
28514,849
29261,845
28265,849
28389,848
29385,845
28763,847
29136,846
29385,846
28887,847
28638,848
38973,853
39471,884
37354,909
36358,928
36980,937
37852,945
50303,959
50054,998
47938,1029
47813,1047
49432,1060
48809,1077
49307,1088
64498,1105
62256,1173
58147,1220
56031,1251
55408,1269
56902,1278
58521,1287
43829,1292
26771,1222
15813,1122
15689,1000
26771,903
31253,886
29759,892
26272,892
26397,875
28389,866
27767,864
28638,858
33121,857
36856,872
37354,896
42708,907
49307,933
46443,963
47439,976
50303,986
51797,995
52420,1001
52793,1008
52544,1016
52793,1020
56280,1028
55408,1047
54661,1058
55284,1064
55533,1072
56778,1078
58895,1089
57774,1102
59642,1106
62630,1116
63501,1138
62256,1157
53292,1165
27020,1139
21790,1062
22288,969
29012,907
30630,899
29510,902
25525,891
28514,873
27891,871
27518,866
28389,859
27642,859
28265,855
28389,853
28389,851
28389,850
28887,849
29136,846
28140,850
28016,850
28638,847
29136,845
29012,847
28638,847
29261,845
28265,848
28265,848
28887,846
28514,847
28389,848
28638,847
28638,847
28389,848
28016,849
29136,845
28265,848
28763,847
29012,845
28763,846
28265,848
28389,848
29136,845
28389,848
28638,847
29136,845
31751,836
33743,839
27891,854
30132,844
35362,830
31751,849
28638,854
28140,855
28887,851
35735,830
37479,834
37852,833
40467,827
38475,836
37479,839
36358,844
34615,850
35611,846
36358,845
36109,845
36358,845
35735,847
36109,846
37230,842
38724,840
39222,842
39097,841
38973,841
39097,843
38350,845
39222,842
38599,845
37977,848
38475,846
37728,849
37354,850
37354,849
36980,850
37852,847
38101,846
39097,843
38350,847
38848,845
39222,844
38101,848
38226,847
39222,844
40591,841
42833,838
40218,847
37977,853
36358,857
37354,852
36980,853
36233,854
32747,865
32623,862
38475,839
49681,814
58895,804
40840,879
30257,914
25152,904
26023,877
31128,863
28016,870
27269,866
28389,860
29261,855
27642,858
28514,854
29136,851
28140,853
28140,851
28514,850
29385,846
27891,851
28389,849
29261,846
28265,849
28265,848
28638,847
29385,844
28887,847
28638,848
29012,846
28016,849
28638,847
28887,847
29012,846
28638,847
28638,847
28265,849
28514,848
29136,845
28887,846
28638,847
28638,847
29012,846
28265,848
28514,848
29261,845
28389,848
28763,847
29136,845
28514,848
28265,848
28265,848
29012,845
28763,847
29012,847
28514,847
28887,846
28638,847
29385,844
28887,846
28514,848
29261,845
28265,849
28514,848
28638,847
28763,847
28389,848
29261,845
28140,849
28140,849
28887,846
28638,847
28763,846
28763,847
28140,849
28265,848
29261,845
28638,847
28514,847
28887,847
29385,844
28389,848
28389,848
29261,845
28514,848
28887,846
29261,846
29012,846
28638,848
28389,849
29261,845
28514,848
29012,846
29634,844
28887,847
28763,847
28638,848
29136,846
28638,848
28763,848
29136,846
28887,847
28763,847
28389,848
29136,845
29385,847
34366,852
35362,867
32498,885
32623,894
39471,903
43704,921
39969,951
40218,965
41587,975
41587,984
42459,992
45945,1004
45447,1024
45696,1035
46941,1041
46941,1050
46692,1056
49058,1055
52793,1053
51548,1060
50179,1060
47190,1046
48436,1022
47190,1009
41463,990
35860,961
35611,924
38848,900
38226,895
30132,909
24280,902
28638,875
29634,872
27020,873
27269,866
28265,861
27518,859
28016,855
28514,852
29012,849
28514,850
28265,851
29385,847
28140,850
36980,826
40467,824
38101,833
29883,858
29261,858
29136,856
27767,859
28140,856
28763,852
28514,852
28887,851
28763,851
29136,848
28514,850
28514,850
29012,847
28763,848
28514,849
28763,848
29136,846
28389,849
28763,847
28763,847
28638,847
29261,845
29136,845
28763,847
28638,848
29136,846
28389,848
29510,845
29012,846
28763,847
28514,848
29385,845
28887,847
28638,848
29385,845
28638,848
29759,844
30630,843
30879,842
35362,831
37852,829
38101,832
38724,832
35362,843
30879,859
36482,839
36482,842
36109,843
37603,839
39346,836
35486,849
34615,852
35984,846
35735,847
36731,845
37479,841
39097,840
40840,837
30755,870
29634,870
29136,868
29136,864
28140,861
28763,857
28763,855
28887,854
28887,853
30132,847
32872,842
34490,840
36482,834
30755,856
28514,861
29012,857
28265,857
28389,856
29012,852
28887,851
28763,852
29136,850
28887,849
28514,850
29385,846
28265,850
28638,848
29385,846
28763,848
28514,848
28638,848
28389,848
28887,847
29136,846
28638,847
28638,847
28514,848
29136,845
28887,846
28514,848
29261,845
28389,848
28638,847
28638,847
28638,847
28763,847
29261,846
29385,845
28514,848
28763,847
29012,846
31128,838
40218,819
42957,821
37603,837
39346,829
42210,828
40093,834
39346,839
38848,842
37852,846
36731,850
36980,849
37105,848
36856,848
35860,852
36233,849
37105,846
36482,849
36856,847
36856,847
37479,845
40218,839
42459,836
42334,836
42957,837
43829,836
44451,834
40218,851
37977,858
33494,872
30257,879
28016,882
31004,863
38724,841
33121,864
27767,873
28140,867
28763,860
28265,860
28638,858
28763,855
28763,854
28389,854
28763,852
28265,852
28763,850
29261,847
28638,849
29136,847
29261,846
28514,849
28763,848
29385,845
28763,848
28389,849
28887,847
29634,844
28763,848
29261,846
28389,849
28514,848
28763,847
29012,846
28763,847
28763,848
29261,845
28514,848
29261,845
28887,847
28763,847
28887,847
29261,845
28514,848
28638,848
34241,829
41587,817
40467,831
37105,835
38475,832
36856,840
36233,844
31253,861
28140,869
28514,864
29012,859
28638,858
28389,857
28514,856
29261,851
28389,854
28638,852
29136,849
28514,850
28514,850
28763,849
29261,846
28638,849
29261,847
29385,846
28016,851
28763,848
29012,847
28763,847
28887,847
29136,847
29385,845
28514,849
28638,848
29136,846
28763,847
28638,848
29136,846
29261,845
28140,849
28265,849
29012,846
29012,846
29385,846
29261,846
29634,844
28887,847
28638,848
29385,845
28265,849
28638,848
28887,847
28763,847
28389,848
28389,848
29136,845
28140,849
28887,846
32374,835
51922,779
62132,803
37728,887
51050,829
1832,798
38599,922
28638,933
24405,907
28265,874
31128,871
28140,873
29634,860
55906,779
6190,766
6564,818
60513,849
62256,842
47813,907
31626,950
24903,930
25401,888
33370,869
27642,882
26646,875
28887,863
28763,861
28265,860
28638,856
29510,851
29385,851
37728,827
53665,785
63626,804
39969,894
28638,919
25027,898
25899,877
30879,866
28887,868
27518,865
28389,860
28763,858
29261,853
28514,855
28763,853
29012,850
32747,839
42584,812
45323,834
28265,879
32872,857
42085,838
28638,874
28016,871
28514,866
28638,862
29136,857
28265,859
28389,857
28887,853
28887,852
29012,851
29385,850
29385,848
28638,851
28763,850
29136,848
28763,848
28763,848
29012,848
29510,845
29136,847
28514,849
29136,846
28514,848
29136,846
29136,847
28638,848
29136,846
28638,849
29261,846
28514,848
28887,847
29510,845
28887,847
31128,839
39844,819
43206,818
42584,824
45323,819
45198,823
44202,828
47066,823
46070,830
35237,870
32996,874
31751,873
48311,818
56280,817
51548,838
47190,844
46941,845
46692,846
46817,846
46443,847
47190,845
48062,843
46568,848
46692,848
46941,847
47813,843
47813,846
49183,842
49432,841
48934,844
48436,846
49183,843
49556,842
48311,848
48809,846
49432,844
49432,844
50677,842
51797,840
51922,840
52544,839
53167,840
52918,840
52295,843
53042,842
52793,843
52544,845
52793,844
52918,844
60015,846
58521,876
57151,888
57649,897
58272,903
57400,915
58521,917
61634,925
64622,944
62879,970
63252,982
64373,992
63626,1005
64000,1008
64747,1013
63501,1021
63626,1023
53416,1019
47190,983
47315,926
52544,886
53665,880
59517,883
1832,903
61883,942
61385,962
63252,974
63875,983
7435,1006
4323,1047
2579,1069
3202,1087
2953,1107
1832,1119
3451,1125
3825,1131
3825,1138
3326,1143
57027,1139
51424,1069
42957,1004
43331,928
50303,884
53790,870
60887,876
5941,922
2081,989
9552,1035
8431,1075
7435,1104
8805,1132
8307,1152
8058,1170
8182,1184
7933,1196
7809,1206
7560,1214
7809,1220
7186,1227
6813,1230
62256,1228
24280,1213
33743,1094
43206,1004
48187,950
49681,918
52171,893
52046,884
52295,877
48560,877
50428,864
48436,865
47564,862
48311,858
47688,857
47938,852
46692,856
47190,853
48436,848
47315,851
46443,853
46817,852
54039,852
1459,897
62132,962
63003,983
63252,1008
64000,1027
63252,1045
61385,1070
62132,1076
59517,1089
59891,1091
61260,1092
60389,1097
61509,1096
62132,1097
60513,1102
57525,1111
58147,1110
58521,1109
57774,1111
41338,1105
44327,1033
34864,993
33619,942
37728,903
41836,885
42708,881
38599,878
38724,870
39969,864
27767,890
36980,881
59517,881
52420,952
53541,962
58521,968
58646,983
57898,995
61260,996
64000,1013
61758,1030
62630,1037
62381,1047
62007,1056
61634,1064
62879,1070
64871,1083
62505,1102
62630,1109
62630,1118
63003,1122
63377,1127
63252,1131
63003,1134
63128,1136
63128,1134
62879,1133
62879,1132
61883,1134
62007,1132
63003,1128
58895,1139
55657,1146
46568,1159
49183,1163
48560,1175
48436,1185
48187,1193
47938,1199
47938,1203
48187,1207
39097,1207
25525,1148
20420,987
27393,911
30630,897
29759,899
25525,894
27393,875
27891,871
27393,867
27269,860
28140,855
28140,853
28140,850
27767,851
28389,849
28887,846
27518,851
28016,848
28265,847
28265,847
28389,847
28140,848
29136,844
28389,847
28638,846
28887,845
28638,846
28265,848
28514,847
28265,848
28514,847
28887,846
28389,847
28140,848
30257,842
32498,837
35362,831
39346,827
30879,853
27642,861
27767,858
31004,845
37479,830
38724,834
39720,830
43580,822
42833,830
42584,831
33121,864
29261,875
28763,871
28514,868
28763,863
27642,864
27767,861
28763,856
28638,855
28140,855
28763,852
29136,849
27767,853
28016,852
29012,847
28887,848
28265,850
28638,848
29261,845
28265,849
28389,848
28887,846
28389,848
28389,848
29136,845
28887,846
28763,847
28763,847
29261,845
28887,846
29261,845
28514,848
31004,840
41089,816
42210,823
37852,835
40716,826
40591,831
39595,835
41214,834
40591,838
35984,857
30381,874
29136,874
28265,872
28140,868
28763,862
28638,860
28763,857
28887,853
28016,855
28140,854
28763,850
28514,851
28763,850
28638,850
28763,848
28265,849
28140,850
28389,848
27891,849
28638,847
28763,847
28638,847
28389,848
28016,849
28763,846
28265,848
28638,847
29385,844
28638,847
28140,848
28389,847
28887,845
28265,848
28514,847
29261,845
28763,846
28638,847
28763,847
29136,845
28140,849
28140,848
29136,845
28265,848
28763,847
29012,845
28638,847
28140,848
28638,847
29136,845
28389,848
28638,847
28763,846
28514,847
28016,849
28514,847
31751,840
33743,836
36980,828
39844,826
40093,829
39969,829
40093,831
40342,833
40342,835
40342,839
40591,839
41214,838
40218,843
40591,843
40965,842
40467,845
40840,844
41214,843
40716,846
40965,845
41587,843
40467,848
40965,846
40965,846
40840,847
40965,847
40591,848
40965,847
41338,845
40840,847
40965,847
40965,847
40591,848
35362,866
30132,883
27518,878
27891,870
28638,866
29012,862
27393,864
28514,858
28887,856
29136,852
28389,854
29136,850
28265,852
28638,850
29136,848
28887,848
28763,848
29261,847
29385,846
28389,849
28389,849
29136,846
28887,847
28887,847
28638,848
29261,845
28638,848
28514,848
29136,846
28389,848
28763,847
29136,846
29012,846
28763,847
28514,848
29136,846
28265,849
28763,847
29510,844
29012,846
28638,848
28763,847
29385,845
28514,848
28638,848
29385,845
29136,846
28763,847
28763,847
29136,846
28638,848
28887,847
29510,845
28514,848
29012,847
28638,848
28887,847
28638,848
28514,848
29634,844
28514,848
28638,848
29385,845
29012,846
28389,849
29136,846
29759,844
28638,848
28638,848
28887,847
29012,846
28763,847
29012,847
29136,846
29012,846
28514,849
29385,845
28638,848
28763,848
29510,845
29136,846
29012,847
28887,847
29385,845
28887,847
29510,845
28887,847
28887,847
29136,847
29012,847
28887,847
28887,847
29385,845
28763,848
29510,846
29510,845
29136,847
28638,849
28638,848
29136,847
29261,847
29385,846
28887,848
28763,848
28887,847
29883,844
29261,847
28763,848
28638,849
29012,847
29012,847
29136,847
28763,848
28763,848
29385,845
28265,849
28389,849
29136,846
29012,846
28763,847
29261,846
29136,846
28140,849
28389,848
29012,846
28763,847
29012,846
29261,846
29883,844
28763,847
28265,849
29261,845
28763,847
29136,847
29012,847
29136,846
28763,848
28638,848
29385,845
28514,848
29261,846
29385,845
28887,847
28763,848
28514,848
29261,845
28887,847
29261,847
29261,846
28763,848
28763,848
28763,847
29012,846
28514,848
28638,848
29634,844
28265,849
28638,848
29261,845
28887,847
28763,847
29136,846
29136,846
28763,847
28265,849
29136,846
28887,846
27269,852
24903,860
22786,864
20794,868
20669,865
23160,853
29510,838
29510,843
27891,845
29012,840
28763,843
28389,844
29012,842
28265,845
29012,843
29759,841
29136,844
28887,845
28887,846
29510,843
28763,847
28514,848
29510,844
29261,845
29136,846
29261,846
29634,844
28887,847
28887,847
29634,845
28763,848
29136,847
28887,848
29136,847
28389,849
28389,849
29634,844
29012,847
29261,847
29510,845
29012,847
28887,847
29012,847
29136,846
28887,847
29012,848
29510,845
28514,849
28887,847
29261,846
29510,845
28763,848
28887,848
29759,844
28514,849
28763,848
29136,846
29136,846
28887,847
29385,846
29510,845
28389,849
28140,850
29012,846
29012,846
29136,847
28763,847
29261,845
28763,847
31875,839
35611,830
36731,833
37479,832
39097,829
37479,837
35486,843
36482,841
36731,841
35860,845
35237,847
32498,857
29136,867
28514,865
28763,861
31128,850
41214,822
57649,791
1334,795
63377,822
2330,808
57774,851
36109,937
27269,936
24156,904
31128,868
30630,874
26771,877
28140,865
29261,859
28389,860
28514,858
29759,851
29261,852
28638,852
29510,849
29883,847
28638,851
29012,849
29759,846
28638,850
28887,848
29012,848
28389,849
28389,849
29510,846
30008,844
28638,849
28887,848
28887,847
28389,849
28514,848
29261,846
29261,845
28265,849
28389,848
29261,845
28887,846
28887,847
29012,847
29510,845
29136,846
29012,847
29261,846
28638,848
28887,847
29012,847
28887,847
29012,847
28763,848
29385,845
28389,849
28763,847
29510,845
29012,847
28638,848
28763,847
32872,834
35486,833
35611,836
37230,831
38599,831
38226,835
38475,834
37728,838
37852,839
37479,842
36980,844
32498,860
29385,869
30257,861
28638,864
28514,861
31875,848
40093,830
40591,834
39346,838
31875,859
34615,846
37479,840
32872,856
29634,863
28638,864
28887,860
29510,856
28514,857
29261,854
29634,852
29385,851
36482,831
42334,823
39097,836
29510,863
29136,862
29261,859
29261,856
28887,856
29385,853
29634,851
28763,853
28638,853
29634,848
29510,848
29510,849
29261,849
29385,847
28514,850
29012,849
29510,846
29261,847
29261,848
29012,848
29634,845
28763,848
28638,849
29261,846
28638,848
29136,847
29012,847
29261,846
28887,847
28887,848
29510,845
28763,848
29136,847
29634,845
29136,847
28763,848
29012,847
29510,845
28638,848
28887,848
29510,845
29136,847
28763,848
28887,847
29385,845
29012,847
29261,847
29385,846
28638,848
28763,848
28763,847
28514,848
28763,848
29510,845
28514,848
28887,847
32872,835
35113,834
37852,829
40218,825
37977,836
31751,855
34615,843
40342,826
46941,816
47938,822
49183,819
50677,820
51299,822
51797,824
50303,831
50054,835
49805,837
48062,845
48436,844
49930,839
49432,842
48809,845
49432,844
50303,841
50677,841
51797,840
51922,841
51673,842
51424,843
51299,844
43455,873
33992,908
27144,910
26397,888
42584,830
58023,811
57898,835
48809,848
51299,840
53167,836
53042,839
52544,841
53292,840
52669,843
52793,843
52420,845
52918,844
53416,842
52669,846
52544,846
52793,846
53167,844
52793,846
53416,844
52544,848
52918,846
53042,846
52544,848
52793,847
52793,847
53167,845
20883,859
6813,1012
10050,1043
4821,1087
51797,1088
47938,1013
45572,960
48685,900
54910,874
52046,879
51050,870
53167,860
51424,862
52420,859
5194,869
64498,942
2704,974
1583,1003
2828,1043
2704,1057
2081,1070
5194,1083
6066,1103
3700,1126
4447,1134
712,1141
63750,1135
64000,1110
56902,1097
48934,1065
45572,1010
43331,953
46319,902
53042,874
52046,877
40342,915
33121,906
42833,857
54910,838
51175,848
47564,852
49307,844
50054,841
49805,843
50179,842
49681,844
49432,844
48311,848
48311,848
49556,843
49183,846
48809,847
49058,846
48436,848
48685,847
49307,846
50428,842
50677,844
50926,844
50677,843
49681,847
51050,850
53042,856
51175,870
44451,890
42957,881
43580,871
43580,867
42584,868
38226,881
31626,901
26023,900
26272,881
29385,869
29012,868
26646,870
27767,863
38350,830
42210,829
41961,830
43082,826
44202,827
45945,825
46941,824
47315,828
48560,827
50054,825
50926,827
52046,827
51673,831
51424,833
51797,835
52171,835
52544,836
51797,841
51922,841
51797,844
52295,842
53416,842
53914,847
57774,853
58023,868
56778,880
58272,889
60513,902
61883,921
60015,938
59766,948
60887,960
65245,975
65245,1001
89,1016
65245,1029
65120,1040
63377,1053
61883,1063
62132,1066
61136,1073
60513,1077
60015,1082
42957,1110
25650,1073
26771,1005
26521,955
4945,931
25899,1018
21541,942
34490,886
29634,901
24778,895
28016,875
28638,871
27393,869
27767,863
28763,857
28140,854
28763,851
28265,851
28638,849
30132,845
30755,843
30257,846
31502,843
35113,833
55159,788
89,790
44825,874
37230,905
28016,921
24654,898
30755,862
35486,859
30506,869
30257,858
31626,854
32498,849
36233,845
43455,853
46817,866
46817,888
50179,909
54163,937
58272,981
57649,998
56653,1015
56280,1029
29385,1066
32747,985
36856,926
40093,899
45821,874
49058,856
48934,856
50303,848
51050,844
51673,843
52295,841
51050,846
32872,896
33992,879
44327,844
55906,828
52420,838
50677,839
51548,835
51922,837
52669,836
55035,838
63252,887
65120,910
62754,938
61260,959
62754,969
63501,983
63252,995
214,1002
64622,1016
64747,1024
64622,1032
64622,1037
63626,1043
63128,1047
64000,1047
63626,1051
63252,1052
63003,1055
62256,1058
63003,1056
63252,1056
63252,1057
63377,1056
63501,1056
62630,1057
62754,1057
62132,1058
62754,1055
62754,1054
63003,1052
62007,1053
62007,1049
61011,1045
60762,1038
60887,1033
61136,1027
61385,1022
61634,1020
61883,1017
61136,1014
58272,1006
55533,989
54412,963
52918,941
53042,918
52420,906
52046,895
51673,885
52046,875
51424,870
51175,866
51050,861
51424,857
50179,859
51175,854
51797,850
52669,849
16276,876
1210,974
3949,1003
6564,1035
6564,1067
6315,1093
6688,1119
5817,1143
8058,1154
12789,1174
11918,1203
9926,1225
9677,1239
9926,1250
9303,1263
9303,1269
9677,1275
10424,1283
16898,1293
16027,1318
2330,1329
26023,1162
14195,1072
23160,926
40965,856
45447,840
50926,833
51797,840
48187,844
48934,838
49805,838
50552,836
50801,836
50054,839
51050,837
51922,837
51797,838
51548,840
52171,840
51922,843
52046,843
52420,843
51175,847
51050,848
51548,846
51797,845
51299,847
51797,846
52046,845
2953,856
64249,914
61509,943
64000,960
1210,986
2081,1018
1583,1035
2330,1049
1085,1066
64249,1075
61758,1077
60264,1068
60762,1057
63377,1050
3451,1062
2455,1088
65120,1102
1085,1107
1957,1115
1583,1123
1334,1127
2206,1126
1832,1128
1832,1129
1832,1129
1583,1130
1334,1132
1334,1132
1583,1132
8805,1141
12914,1176
13661,1217
12665,1251
13536,1274
13536,1292
8805,1308
59019,1324
45447,1309
54412,1280
62630,1247
64498,1238
52420,1262
44576,1237
38475,1195
28763,1121
26397,1005
37852,897
49432,853
51299,850
50926,856
48685,862
46817,858
1957,844
13287,915
836,988
2206,1015
1583,1040
1832,1061
89,1085
64498,1100
64871,1107
1957,1114
4447,1128
4074,1146
3700,1164
4572,1175
4198,1186
64996,1205
62505,1215
56404,1220
21417,1202
25401,1106
19051,1018
24778,921
33245,886
35113,880
27144,897
27269,876
36358,853
35362,856
43953,857
54661,892
51548,942
61509,979
63875,1061
3825,1134
6439,1188
1334,1237
63252,1269
64498,1283
1832,1294
712,1314
64747,1326
65245,1333
463,1338
587,1343
64871,1350
89,1350
463,1351
89,1353
65245,1355
214,1356
65245,1354
43331,1337
26895,1221
20047,1122
22039,984
36980,884
41712,866
41338,871
40965,872
38350,864
40093,854
43953,843
46319,839
45821,838
46319,838
48187,834
48685,833
48436,837
49556,834
50303,834
50677,835
53042,835
11669,845
1459,943
2081,980
52793,1069
54163,1084
11171,1055
3202,1097
587,1107
57400,1109
42584,1069
43331,995
43331,934
49930,886
53665,871
52918,874
49183,876
47315,874
34366,917
26148,914
24778,886
48560,812
60140,811
53665,848
50303,860
1334,877
57774,923
57525,944
46692,1001
40467,1018
30630,1004
26148,962
27269,920
30381,904
27020,902
27269,886
28389,876
27891,873
28638,865
29510,859
29012,858
30506,852
31502,848
31751,847
32125,846
32872,844
33121,843
28265,859
28140,857
28514,854
29012,851
28638,852
28389,852
28887,849
28265,851
28514,850
29261,846
29136,847
28389,849
28763,848
29385,845
28389,849
28265,849
29012,846
28887,846
28514,848
28638,847
29136,845
28638,847
28638,848
29510,845
28389,848
28638,847
28763,847
28514,848
28514,848
28140,849
29136,845
28265,848
28514,847
28887,846
28763,846
28514,847
28514,847
29634,843
28638,847
28887,847
29261,845
28638,848
28389,848
28887,846
29759,843
29634,845
32996,837
35984,832
37105,831
40467,825
43580,821
40716,832
41214,832
37354,846
32249,863
30506,866
33619,852
43580,823
51050,819
47564,834
40840,850
36109,866
30630,885
29385,882
32000,864
37105,849
34490,862
27642,875
27891,870
29510,860
30132,859
29261,857
31377,850
37728,835
44202,819
46692,821
47938,820
49307,819
50428,820
49930,825
48311,831
47688,836
45074,847
45198,847
45198,847
43455,852
43455,852
43082,852
42833,851
42210,853
44451,846
45323,844
43953,847
44451,847
44078,847
44202,846
37603,870
31626,894
28638,894
27269,886
27144,875
29385,868
28887,865
27269,867
28389,860
28763,857
29012,854
28763,854
29510,852
29136,851
28763,851
35611,830
41463,825
36233,841
31875,851
31751,851
30630,854
29510,857
32747,843
44825,814
43580,831
45323,821
49556,814
51299,817
51299,820
51673,822
51797,825
51548,829
51922,830
52669,831
52420,834
52544,836
52544,838
51673,843
52544,841
52793,841
52420,843
52420,844
53042,842
52669,844
51673,848
51922,847
52544,845
57276,847
8556,866
62630,936
64124,958
65245,979
64996,1001
338,1016
3949,1028
9801,1059
6066,1096
7186,1113
7311,1134
6066,1152
6315,1162
5941,1172
5319,1180
5319,1185
4945,1191
4945,1194
4945,1197
4945,1200
5070,1201
5319,1202
4945,1204
5070,1205
4945,1205
5194,1206
5443,1205
5692,1205
5568,1206
5194,1207
5194,1207
5319,1207
5443,1206
5443,1206
5568,1206
4945,1208
50303,1256
50926,1250
54910,1265
54163,1275
61758,1265
11171,1247
7435,1261
6564,1261
5692,1266
4447,1270
3077,1274
2330,1276
2081,1276
1583,1279
61509,1297
58770,1292
1459,1279
1334,1283
89,1286
64871,1286
64373,1287
64124,1288
63252,1285
62630,1273
64000,1259
62630,1244
60762,1233
56778,1209
49556,1176
36980,1109
39720,1026
43455,978
43206,942
44202,913
45074,900
43082,900
39222,900
36482,895
34241,892
32374,890
31128,885
30257,878
29759,874
29883,872
28887,867
40218,836
42957,836
40093,844
41089,837
42708,835
42085,840
41836,838
41712,840
32125,874
31253,872
32125,864
30630,867
31377,860
40467,856
42459,877
40218,894
36358,914
33494,925
39471,915
52295,905
49681,921
56778,909
53042,923
52171,927
61011,931
57649,966
63003,986
61758,1019
60389,1046
59766,1066
60140,1080
60389,1103
60264,1109
59517,1118
58895,1123
58272,1127
58521,1129
58396,1132
57525,1136
58396,1134
57525,1139
58272,1137
58023,1139
58646,1137
59144,1137
59268,1136
60140,1134
60389,1134
61260,1131
59642,1135
60264,1134
59517,1136
58895,1137
58023,1139
57276,1141
52295,1157
46443,1161
55159,1141
58396,1139
56778,1145
57400,1140
58770,1138
57649,1141
56902,1142
56902,1142
56155,1144
55408,1145
55782,1143
54288,1143
38724,1134
29385,1083
22537,1013
25152,932
34490,886
35362,883
32249,887
26397,886
27020,875
32872,857
33868,853
33743,851
33743,850
38599,847
42334,860
36607,889
37603,891
39346,898
37479,910
36482,923
30257,934
24280,917
25774,884
30506,875
27269,878
26895,869
28514,862
31377,853
26023,861
27518,855
27891,853
28389,850
27144,853
27642,851
27767,849
28265,846
33868,834
34739,836
33619,840
33743,841
28389,859
28638,855
28140,856
28016,854
28514,851
28016,852
28140,850
27642,851
27891,850
28140,848
27891,849
28016,848
28265,846
29634,842
35237,834
33868,838
35113,836
36109,835
36109,836
36233,837
36856,837
30506,860
28265,865
28265,859
28514,856
27642,857
28016,855
28887,851
29136,850
28887,850
29385,848
28638,849
28887,848
29385,845
28514,849
26521,856
23409,865
19798,874
19673,869
20669,862
25276,845
30381,839
28514,845
27767,844
25525,851
20171,868
18926,868
18926,865
18179,864
18428,860
18428,858
17557,859
17432,857
17432,856
17681,853
17059,854
17059,853
17183,851
16934,851
16810,851
16561,851
17183,848
16810,850
16934,849
17059,848
16810,848
16810,848
16561,849
17059,847
16561,848
16561,848
17183,846
16934,847
16561,848