Time,0x180600fd_0b0,0x180601fd_4_5
11-15-2022_21.06.49,0,2640
11-15-2022_21.06.49,0,2640
11-15-2022_21.06.49,0,2640
11-15-2022_21.06.49,0,2640
11-15-2022_21.06.49,0,2660
11-15-2022_21.06.50,0,2650
11-15-2022_21.06.50,0,2630
11-15-2022_21.06.50,0,2650
11-15-2022_21.06.50,0,2640
11-15-2022_21.06.50,0,2650
11-15-2022_21.06.50,0,2620
11-15-2022_21.06.50,0,2660
11-15-2022_21.06.50,0,2650
11-15-2022_21.06.50,0,2640
11-15-2022_21.06.50,0,2640
11-15-2022_21.06.51,0,2630
11-15-2022_21.06.51,0,2640
11-15-2022_21.06.51,0,2650
11-15-2022_21.06.51,0,2640
11-15-2022_21.06.51,0,2640
11-15-2022_21.06.51,0,2660
11-15-2022_21.06.51,0,2650
11-15-2022_21.06.51,0,2630
11-15-2022_21.06.51,0,2640
11-15-2022_21.06.51,0,2650
11-15-2022_21.06.52,0,2650
11-15-2022_21.06.52,0,2640
11-15-2022_21.06.52,0,2640
11-15-2022_21.06.52,0,2640
11-15-2022_21.06.52,0,2640
11-15-2022_21.06.52,0,2640
11-15-2022_21.06.52,0,2640
11-15-2022_21.06.52,0,2630
11-15-2022_21.06.52,0,2660
11-15-2022_21.06.52,0,2640
11-15-2022_21.06.53,0,2630
11-15-2022_21.06.53,0,2630
11-15-2022_21.06.53,0,2650
11-15-2022_21.06.53,0,2620
11-15-2022_21.06.53,0,2640
11-15-2022_21.06.53,0,2640
11-15-2022_21.06.53,0,2640
11-15-2022_21.06.53,0,2650
11-15-2022_21.06.53,0,2640
11-15-2022_21.06.53,0,2650
11-15-2022_21.06.53,1,2650
11-15-2022_21.06.54,1,2650
11-15-2022_21.06.54,1,2640
11-15-2022_21.06.54,1,2640
11-15-2022_21.06.54,1,2640
11-15-2022_21.06.54,1,2650
11-15-2022_21.06.54,1,2630
11-15-2022_21.06.54,1,2630
11-15-2022_21.06.54,1,2650
11-15-2022_21.06.54,1,2650
11-15-2022_21.06.54,1,2640
11-15-2022_21.06.55,1,2650
11-15-2022_21.06.55,1,2630
11-15-2022_21.06.55,1,2640
11-15-2022_21.06.55,1,2660
11-15-2022_21.06.55,1,2660
11-15-2022_21.06.55,1,2640
11-15-2022_21.06.55,1,2650
11-15-2022_21.06.55,1,2640
11-15-2022_21.06.55,1,2640
11-15-2022_21.06.55,1,2650
11-15-2022_21.06.56,1,2640
11-15-2022_21.06.56,1,2630
11-15-2022_21.06.56,1,2640
11-15-2022_21.06.56,1,2650
11-15-2022_21.06.56,1,2620
11-15-2022_21.06.56,1,2640
11-15-2022_21.06.56,1,2640
11-15-2022_21.06.56,1,2640
11-15-2022_21.06.56,1,2640
11-15-2022_21.06.56,1,2640
11-15-2022_21.06.57,1,2650
11-15-2022_21.06.57,1,2650
11-15-2022_21.06.57,1,2640
11-15-2022_21.06.57,1,3308
11-15-2022_21.06.57,1,3895
11-15-2022_21.06.57,1,3965
11-15-2022_21.06.57,1,4164
11-15-2022_21.06.57,1,4523
11-15-2022_21.06.57,1,4981
11-15-2022_21.06.57,1,5419
11-15-2022_21.06.58,1,5718
11-15-2022_21.06.58,1,5877
11-15-2022_21.06.58,1,6017
11-15-2022_21.06.58,1,6077
11-15-2022_21.06.58,1,6226
11-15-2022_21.06.58,1,6336
11-15-2022_21.06.58,1,6515
11-15-2022_21.06.58,1,6505
11-15-2022_21.06.58,1,6555
11-15-2022_21.06.58,1,6525
11-15-2022_21.06.59,1,6515
11-15-2022_21.06.59,1,6605
11-15-2022_21.06.59,1,6625
11-15-2022_21.06.59,1,6684
11-15-2022_21.06.59,1,6734
11-15-2022_21.06.59,1,6784
11-15-2022_21.06.59,1,6903
11-15-2022_21.06.59,1,7033
11-15-2022_21.06.59,1,7142
11-15-2022_21.06.59,1,7172
11-15-2022_21.07.00,1,7242
11-15-2022_21.07.00,1,7272
11-15-2022_21.07.00,1,7322
11-15-2022_21.07.00,1,7392
11-15-2022_21.07.00,1,7451
11-15-2022_21.07.00,1,7501
11-15-2022_21.07.00,1,7521
11-15-2022_21.07.00,0,7551
11-15-2022_21.07.00,0,7561
11-15-2022_21.07.00,0,7601
11-15-2022_21.07.01,0,7680
11-15-2022_21.07.01,0,7780
11-15-2022_21.07.01,0,7850
11-15-2022_21.07.01,0,7860
11-15-2022_21.07.01,0,7939
11-15-2022_21.07.01,0,8009
11-15-2022_21.07.01,0,8009
11-15-2022_21.07.01,0,8029
11-15-2022_21.07.01,0,8049
11-15-2022_21.07.01,0,8029
11-15-2022_21.07.02,0,8029
11-15-2022_21.07.02,0,8069
11-15-2022_21.07.02,0,8159
11-15-2022_21.07.02,0,8318
11-15-2022_21.07.02,0,8457
11-15-2022_21.07.02,0,8537
11-15-2022_21.07.02,0,8706
11-15-2022_21.07.02,0,8975
11-15-2022_21.07.02,0,9184
11-15-2022_21.07.02,0,9414
11-15-2022_21.07.03,0,9583
11-15-2022_21.07.03,0,9673
11-15-2022_21.07.03,0,9862
11-15-2022_21.07.03,0,10171
11-15-2022_21.07.03,0,10440
11-15-2022_21.07.03,0,10619
11-15-2022_21.07.03,0,10918
11-15-2022_21.07.03,0,11077
11-15-2022_21.07.03,0,11167
11-15-2022_21.07.03,0,11286
11-15-2022_21.07.04,0,11296
11-15-2022_21.07.04,0,11276
11-15-2022_21.07.04,0,11406
11-15-2022_21.07.04,0,11974
11-15-2022_21.07.04,0,12233
11-15-2022_21.07.04,0,12362
11-15-2022_21.07.04,0,12691
11-15-2022_21.07.04,0,12840
11-15-2022_21.07.04,0,13169
11-15-2022_21.07.04,0,13378
11-15-2022_21.07.05,0,13567
11-15-2022_21.07.05,0,13637
11-15-2022_21.07.05,0,13856
11-15-2022_21.07.05,0,14035
11-15-2022_21.07.05,0,14245
11-15-2022_21.07.05,0,14613
11-15-2022_21.07.05,0,14753
11-15-2022_21.07.05,0,15022
11-15-2022_21.07.05,0,15022
11-15-2022_21.07.05,0,15201
11-15-2022_21.07.06,0,15390
11-15-2022_21.07.06,0,15769
11-15-2022_21.07.06,0,16127
11-15-2022_21.07.06,0,16446
11-15-2022_21.07.06,0,16655
11-15-2022_21.07.06,0,17004
11-15-2022_21.07.06,0,17263
11-15-2022_21.07.06,0,17880
11-15-2022_21.07.06,0,17801
11-15-2022_21.07.06,0,17860
11-15-2022_21.07.07,0,17870
11-15-2022_21.07.07,0,18787
11-15-2022_21.07.07,0,19414
11-15-2022_21.07.07,0,19962
11-15-2022_21.07.07,0,20301
11-15-2022_21.07.07,0,20998
11-15-2022_21.07.07,0,21685
11-15-2022_21.07.07,0,22273
11-15-2022_21.07.07,0,22911
11-15-2022_21.07.07,1,23080
11-15-2022_21.07.08,1,23150
11-15-2022_21.07.08,1,23309
11-15-2022_21.07.08,1,23648
11-15-2022_21.07.08,1,23797
11-15-2022_21.07.08,1,24305
11-15-2022_21.07.08,1,24534
11-15-2022_21.07.08,1,25052
11-15-2022_21.07.08,1,25132
11-15-2022_21.07.08,1,25072
11-15-2022_21.07.08,1,25052
11-15-2022_21.07.09,1,25072
11-15-2022_21.07.09,1,25032
11-15-2022_21.07.09,1,25132
11-15-2022_21.07.09,1,24992
11-15-2022_21.07.09,1,25102
11-15-2022_21.07.09,1,25022
11-15-2022_21.07.09,1,25102
11-15-2022_21.07.09,1,25082
11-15-2022_21.07.09,1,25142
11-15-2022_21.07.09,0,25062
11-15-2022_21.07.10,0,25102
11-15-2022_21.07.10,0,24953
11-15-2022_21.07.10,0,25042
11-15-2022_21.07.10,0,25042
11-15-2022_21.07.10,0,25052
11-15-2022_21.07.10,0,24484
11-15-2022_21.07.10,0,23747
11-15-2022_21.07.10,0,23040
11-15-2022_21.07.10,0,22104
11-15-2022_21.07.10,0,21596
11-15-2022_21.07.11,0,20829
11-15-2022_21.07.11,0,20381
11-15-2022_21.07.11,0,19614
11-15-2022_21.07.11,0,18857
11-15-2022_21.07.11,0,18528
11-15-2022_21.07.11,0,18359
11-15-2022_21.07.11,1,18080
11-15-2022_21.07.11,1,17960
11-15-2022_21.07.11,1,17781
11-15-2022_21.07.11,1,17711
11-15-2022_21.07.12,0,17532
11-15-2022_21.07.12,0,17293
11-15-2022_21.07.12,0,16974
11-15-2022_21.07.12,0,16635
11-15-2022_21.07.12,0,16436
11-15-2022_21.07.12,0,16376
11-15-2022_21.07.12,0,16077
11-15-2022_21.07.12,0,15699
11-15-2022_21.07.12,0,15410
11-15-2022_21.07.12,0,14962
11-15-2022_21.07.13,0,14693
11-15-2022_21.07.13,1,14454
11-15-2022_21.07.13,1,14145
11-15-2022_21.07.13,1,13846
11-15-2022_21.07.13,1,13796
11-15-2022_21.07.13,0,13587
11-15-2022_21.07.13,0,13567
11-15-2022_21.07.13,0,13428
11-15-2022_21.07.13,0,13348
11-15-2022_21.07.13,0,13229
11-15-2022_21.07.14,0,12970
11-15-2022_21.07.14,0,12731
11-15-2022_21.07.14,0,12482
11-15-2022_21.07.14,0,12233
11-15-2022_21.07.14,0,11914
11-15-2022_21.07.14,0,11545
11-15-2022_21.07.14,1,11316
11-15-2022_21.07.14,1,11057
11-15-2022_21.07.14,1,10738
11-15-2022_21.07.14,1,10420
11-15-2022_21.07.15,1,10310
11-15-2022_21.07.15,1,10280
11-15-2022_21.07.15,0,10240
11-15-2022_21.07.15,0,10051
11-15-2022_21.07.15,0,9822
11-15-2022_21.07.15,0,9633
11-15-2022_21.07.15,0,9453
11-15-2022_21.07.15,0,9344
11-15-2022_21.07.15,0,9354
11-15-2022_21.07.15,0,9244
11-15-2022_21.07.16,0,8925
11-15-2022_21.07.16,0,8716
11-15-2022_21.07.16,0,8657
11-15-2022_21.07.16,0,8378
11-15-2022_21.07.16,0,8238
11-15-2022_21.07.16,0,8168
11-15-2022_21.07.16,0,8119
11-15-2022_21.07.16,1,8029
11-15-2022_21.07.16,1,7939
11-15-2022_21.07.16,1,7850
11-15-2022_21.07.17,1,7760
11-15-2022_21.07.17,1,7760
11-15-2022_21.07.17,0,7710
11-15-2022_21.07.17,0,7631
11-15-2022_21.07.17,0,7521
11-15-2022_21.07.17,0,7471
11-15-2022_21.07.17,0,7421
11-15-2022_21.07.17,0,7352
11-15-2022_21.07.17,0,7332
11-15-2022_21.07.17,0,7252
11-15-2022_21.07.18,0,7232
11-15-2022_21.07.18,0,7192
11-15-2022_21.07.18,0,7142
11-15-2022_21.07.18,0,7093
11-15-2022_21.07.18,0,7053
11-15-2022_21.07.18,0,7063
11-15-2022_21.07.18,1,6993
11-15-2022_21.07.18,1,7003
11-15-2022_21.07.18,1,7013
11-15-2022_21.07.18,1,6973
11-15-2022_21.07.19,1,6943
11-15-2022_21.07.19,0,6933
11-15-2022_21.07.19,0,6903
11-15-2022_21.07.19,0,6864
11-15-2022_21.07.19,0,6824
11-15-2022_21.07.19,0,6744
11-15-2022_21.07.19,0,6714
11-15-2022_21.07.19,0,6654
11-15-2022_21.07.19,0,6565
11-15-2022_21.07.19,0,6465
11-15-2022_21.07.20,0,6415
11-15-2022_21.07.20,0,6366
11-15-2022_21.07.20,0,6296
11-15-2022_21.07.20,1,6266
11-15-2022_21.07.20,1,6166
11-15-2022_21.07.20,1,6067
11-15-2022_21.07.20,1,5917
11-15-2022_21.07.20,1,5818
11-15-2022_21.07.20,0,5688
11-15-2022_21.07.20,0,5599
11-15-2022_21.07.21,0,5409
11-15-2022_21.07.21,0,4931
11-15-2022_21.07.21,0,4373
11-15-2022_21.07.21,0,3776
11-15-2022_21.07.21,0,3288
11-15-2022_21.07.21,0,2740
11-15-2022_21.07.21,0,2620
11-15-2022_21.07.21,0,2660
11-15-2022_21.07.21,0,2650
11-15-2022_21.07.21,0,2640
11-15-2022_21.07.22,1,2650
11-15-2022_21.07.22,1,2660
11-15-2022_21.07.22,1,2650
11-15-2022_21.07.22,1,2630
11-15-2022_21.07.22,0,2650
11-15-2022_21.07.22,0,2640
11-15-2022_21.07.22,0,2660
11-15-2022_21.07.22,0,2640
11-15-2022_21.07.22,0,2640
11-15-2022_21.07.22,0,2640
11-15-2022_21.07.23,0,2660
11-15-2022_21.07.23,0,2640
11-15-2022_21.07.23,0,2660
11-15-2022_21.07.23,0,3068
11-15-2022_21.07.23,0,3686
11-15-2022_21.07.23,0,5748
11-15-2022_21.07.23,0,6983
11-15-2022_21.07.23,0,7023
11-15-2022_21.07.23,0,7053
11-15-2022_21.07.23,0,7033
11-15-2022_21.07.24,0,7053
11-15-2022_21.07.24,0,7003
11-15-2022_21.07.24,1,7013
11-15-2022_21.07.24,1,7023
11-15-2022_21.07.24,1,7033
11-15-2022_21.07.24,1,7013
11-15-2022_21.07.24,1,7033
11-15-2022_21.07.24,1,7023
11-15-2022_21.07.24,0,7003
11-15-2022_21.07.24,0,7043
11-15-2022_21.07.25,0,7003
11-15-2022_21.07.25,0,7013
11-15-2022_21.07.25,0,7023
11-15-2022_21.07.25,0,7003
11-15-2022_21.07.25,0,7043
11-15-2022_21.07.25,0,7033
11-15-2022_21.07.25,0,7023
11-15-2022_21.07.25,0,7033
11-15-2022_21.07.25,0,6993
11-15-2022_21.07.25,1,7023
11-15-2022_21.07.26,1,7023
11-15-2022_21.07.26,1,7013
11-15-2022_21.07.26,1,7013
11-15-2022_21.07.26,1,7043
11-15-2022_21.07.26,0,7033
11-15-2022_21.07.26,0,7043
11-15-2022_21.07.26,0,7043
11-15-2022_21.07.26,0,7033
11-15-2022_21.07.26,0,7063
11-15-2022_21.07.26,0,7033
11-15-2022_21.07.27,0,7023
11-15-2022_21.07.27,0,7033
11-15-2022_21.07.27,0,7013
11-15-2022_21.07.27,0,7033
11-15-2022_21.07.27,0,7003
11-15-2022_21.07.27,0,7023
11-15-2022_21.07.27,0,7013
11-15-2022_21.07.27,0,7023
11-15-2022_21.07.27,0,7023
11-15-2022_21.07.27,0,7003
11-15-2022_21.07.28,0,7083
11-15-2022_21.07.28,0,7650
11-15-2022_21.07.28,0,8427
11-15-2022_21.07.28,0,9125
11-15-2022_21.07.28,0,10699
11-15-2022_21.07.28,0,11784
11-15-2022_21.07.28,0,12960
11-15-2022_21.07.28,0,14125
11-15-2022_21.07.28,0,14294
11-15-2022_21.07.28,0,14424
11-15-2022_21.07.29,0,14404
11-15-2022_21.07.29,0,14474
11-15-2022_21.07.29,0,14404
11-15-2022_21.07.29,0,14404
11-15-2022_21.07.29,0,14344
11-15-2022_21.07.29,0,14434
11-15-2022_21.07.29,0,14384
11-15-2022_21.07.29,0,13478
11-15-2022_21.07.29,0,12133
11-15-2022_21.07.29,0,11037
11-15-2022_21.07.30,0,10001
11-15-2022_21.07.30,0,9513
11-15-2022_21.07.30,0,9463
11-15-2022_21.07.30,0,9404
11-15-2022_21.07.30,0,9453
11-15-2022_21.07.30,0,9463
11-15-2022_21.07.30,0,10021
11-15-2022_21.07.30,0,12083
11-15-2022_21.07.30,0,14245
11-15-2022_21.07.30,0,16416
11-15-2022_21.07.31,0,18578
11-15-2022_21.07.31,0,21128
11-15-2022_21.07.31,0,24186
11-15-2022_21.07.31,0,25042
11-15-2022_21.07.31,0,25162
11-15-2022_21.07.31,0,25052
11-15-2022_21.07.31,0,25052
11-15-2022_21.07.31,0,25072
11-15-2022_21.07.31,0,25102
11-15-2022_21.07.31,0,25042
11-15-2022_21.07.32,0,25062
11-15-2022_21.07.32,0,25062
11-15-2022_21.07.32,0,25042
11-15-2022_21.07.32,0,24973
11-15-2022_21.07.32,0,25082
11-15-2022_21.07.32,0,24963
11-15-2022_21.07.32,0,25072
11-15-2022_21.07.32,0,24933
11-15-2022_21.07.32,0,25112
11-15-2022_21.07.32,0,25062
11-15-2022_21.07.33,0,24475
11-15-2022_21.07.33,0,23030
11-15-2022_21.07.33,0,21267
11-15-2022_21.07.33,0,19683
11-15-2022_21.07.33,0,17870
11-15-2022_21.07.33,0,16167
11-15-2022_21.07.33,0,14394
11-15-2022_21.07.33,0,12163
11-15-2022_21.07.33,0,11256
11-15-2022_21.07.33,0,10838
11-15-2022_21.07.34,0,10479
11-15-2022_21.07.34,0,10061
11-15-2022_21.07.34,0,9852
11-15-2022_21.07.34,0,9752
11-15-2022_21.07.34,0,9712
11-15-2022_21.07.34,0,9752
11-15-2022_21.07.34,0,9752
11-15-2022_21.07.34,0,9712
11-15-2022_21.07.34,0,9752
11-15-2022_21.07.34,0,9752
11-15-2022_21.07.35,0,9762
11-15-2022_21.07.35,0,9712
11-15-2022_21.07.35,0,9792
11-15-2022_21.07.35,0,9732
11-15-2022_21.07.35,0,9752
11-15-2022_21.07.35,0,9712
11-15-2022_21.07.35,0,9772
11-15-2022_21.07.35,0,9762
11-15-2022_21.07.35,0,9732
11-15-2022_21.07.35,1,9752
11-15-2022_21.07.36,1,9752
11-15-2022_21.07.36,1,9752
11-15-2022_21.07.36,1,9752
11-15-2022_21.07.36,0,9762
11-15-2022_21.07.36,0,9762
11-15-2022_21.07.36,0,9782
11-15-2022_21.07.36,0,9762
11-15-2022_21.07.36,1,9752
11-15-2022_21.07.36,1,9752
11-15-2022_21.07.36,1,9772
11-15-2022_21.07.37,1,9782
11-15-2022_21.07.37,0,9732
11-15-2022_21.07.37,0,9772
11-15-2022_21.07.37,0,9752
11-15-2022_21.07.37,0,9752
11-15-2022_21.07.37,0,9752
11-15-2022_21.07.37,1,9692
11-15-2022_21.07.37,1,9762
11-15-2022_21.07.37,1,9802
11-15-2022_21.07.37,0,9772
11-15-2022_21.07.38,0,9742
11-15-2022_21.07.38,0,9792
11-15-2022_21.07.38,0,9712
11-15-2022_21.07.38,0,9772
11-15-2022_21.07.38,1,9752
11-15-2022_21.07.38,1,9742
11-15-2022_21.07.38,1,9762
11-15-2022_21.07.38,0,9752
11-15-2022_21.07.38,0,9732
11-15-2022_21.07.38,0,9752
11-15-2022_21.07.39,0,9782
11-15-2022_21.07.39,0,9752
11-15-2022_21.07.39,1,9772
11-15-2022_21.07.39,1,9712
11-15-2022_21.07.39,1,9782
11-15-2022_21.07.39,0,9772
11-15-2022_21.07.39,0,9712
11-15-2022_21.07.39,0,9782
11-15-2022_21.07.39,0,9762
11-15-2022_21.07.39,0,9742
11-15-2022_21.07.40,1,9762
11-15-2022_21.07.40,1,9762
11-15-2022_21.07.40,1,9762
11-15-2022_21.07.40,1,9762
11-15-2022_21.07.40,1,9762
11-15-2022_21.07.40,1,9742
11-15-2022_21.07.40,1,9762
11-15-2022_21.07.40,1,9752
11-15-2022_21.07.40,1,9742
11-15-2022_21.07.40,1,9712
11-15-2022_21.07.41,1,9742
11-15-2022_21.07.41,1,9762
11-15-2022_21.07.41,1,9782
11-15-2022_21.07.41,1,9752
11-15-2022_21.07.41,1,9742
11-15-2022_21.07.41,1,9663
11-15-2022_21.07.41,1,9473
11-15-2022_21.07.41,1,9095
11-15-2022_21.07.41,1,8627
11-15-2022_21.07.41,1,8129
11-15-2022_21.07.42,1,7900
11-15-2022_21.07.42,1,7680
11-15-2022_21.07.42,1,7481
11-15-2022_21.07.42,1,7382
11-15-2022_21.07.42,1,7312
11-15-2022_21.07.42,1,7302
11-15-2022_21.07.42,1,7352
11-15-2022_21.07.42,1,7421
11-15-2022_21.07.42,1,7541
11-15-2022_21.07.42,1,7750
11-15-2022_21.07.43,1,7979
11-15-2022_21.07.43,1,8198
11-15-2022_21.07.43,1,8398
11-15-2022_21.07.43,1,8617
11-15-2022_21.07.43,1,8935
11-15-2022_21.07.43,1,9344
11-15-2022_21.07.43,1,10310
11-15-2022_21.07.43,1,11167
11-15-2022_21.07.43,1,11685
11-15-2022_21.07.43,1,11824
11-15-2022_21.07.44,1,11824
11-15-2022_21.07.44,1,11575
11-15-2022_21.07.44,1,10987
11-15-2022_21.07.44,1,10121
11-15-2022_21.07.44,1,9244
11-15-2022_21.07.44,1,8497
11-15-2022_21.07.44,1,8218
11-15-2022_21.07.44,1,7989
11-15-2022_21.07.44,1,7850
11-15-2022_21.07.44,1,7750
11-15-2022_21.07.45,1,7650
11-15-2022_21.07.45,1,7571
11-15-2022_21.07.45,1,7561
11-15-2022_21.07.45,1,7561
11-15-2022_21.07.45,1,7561
11-15-2022_21.07.45,1,7571
11-15-2022_21.07.45,1,7571
11-15-2022_21.07.45,1,7571
11-15-2022_21.07.45,1,7581
11-15-2022_21.07.45,1,7581
11-15-2022_21.07.46,1,7581
11-15-2022_21.07.46,1,7601
11-15-2022_21.07.46,1,7581
11-15-2022_21.07.46,1,7581
11-15-2022_21.07.46,1,7591
11-15-2022_21.07.46,0,7621
11-15-2022_21.07.46,0,7581
11-15-2022_21.07.46,0,7521
11-15-2022_21.07.46,0,7581
11-15-2022_21.07.46,0,7581
11-15-2022_21.07.47,0,7561
11-15-2022_21.07.47,0,7571
11-15-2022_21.07.47,0,7581
11-15-2022_21.07.47,0,7581
11-15-2022_21.07.47,0,7601
11-15-2022_21.07.47,0,7969
11-15-2022_21.07.47,0,10450
11-15-2022_21.07.47,0,12621
11-15-2022_21.07.47,0,14265
11-15-2022_21.07.47,0,15300
11-15-2022_21.07.48,0,12611
11-15-2022_21.07.48,0,8955
11-15-2022_21.07.48,0,13537
11-15-2022_21.07.48,0,16038
11-15-2022_21.07.48,0,9663
11-15-2022_21.07.48,0,10549
11-15-2022_21.07.48,0,17870
11-15-2022_21.07.48,0,18030
11-15-2022_21.07.48,0,10838
11-15-2022_21.07.48,0,8049
11-15-2022_21.07.49,0,15161
11-15-2022_21.07.49,0,18986
11-15-2022_21.07.49,0,14205
11-15-2022_21.07.49,0,9673
11-15-2022_21.07.49,0,15231
11-15-2022_21.07.49,0,18398
11-15-2022_21.07.49,0,15181
11-15-2022_21.07.49,0,12382
11-15-2022_21.07.49,0,12541
11-15-2022_21.07.49,0,16914
11-15-2022_21.07.50,0,18667
11-15-2022_21.07.50,0,16904
11-15-2022_21.07.50,0,14474
11-15-2022_21.07.50,0,13747
11-15-2022_21.07.50,0,13557
11-15-2022_21.07.50,0,13517
11-15-2022_21.07.50,0,13557
11-15-2022_21.07.50,0,13508
11-15-2022_21.07.50,0,13478
11-15-2022_21.07.50,0,13607
11-15-2022_21.07.51,0,13567
11-15-2022_21.07.51,1,13478
11-15-2022_21.07.51,1,13567
11-15-2022_21.07.51,1,13547
11-15-2022_21.07.51,1,13547
11-15-2022_21.07.51,1,13567
11-15-2022_21.07.51,1,13537
11-15-2022_21.07.51,1,13547
11-15-2022_21.07.51,1,13557
11-15-2022_21.07.51,1,13517
11-15-2022_21.07.52,1,13537
11-15-2022_21.07.52,1,13577
11-15-2022_21.07.52,1,13557
11-15-2022_21.07.52,1,13557
11-15-2022_21.07.52,1,13547
11-15-2022_21.07.52,1,13557
11-15-2022_21.07.52,1,13557
11-15-2022_21.07.52,1,13567
11-15-2022_21.07.52,1,13577
11-15-2022_21.07.52,1,13517
11-15-2022_21.07.53,1,13567
11-15-2022_21.07.53,1,13557
11-15-2022_21.07.53,1,13577
11-15-2022_21.07.53,1,13547
11-15-2022_21.07.53,1,13547
11-15-2022_21.07.53,1,13557
11-15-2022_21.07.53,1,13557
11-15-2022_21.07.53,1,13537
11-15-2022_21.07.53,1,13488
11-15-2022_21.07.53,1,13567
11-15-2022_21.07.54,1,13468
11-15-2022_21.07.54,1,13597
11-15-2022_21.07.54,1,13567
11-15-2022_21.07.54,1,13577
11-15-2022_21.07.54,1,13547
11-15-2022_21.07.54,1,13547
11-15-2022_21.07.54,1,13557
11-15-2022_21.07.54,0,13567
11-15-2022_21.07.54,0,13567
11-15-2022_21.07.54,0,13537
11-15-2022_21.07.55,0,13567
11-15-2022_21.07.55,0,13547
11-15-2022_21.07.55,0,13537
11-15-2022_21.07.55,0,13547
11-15-2022_21.07.55,0,13577
11-15-2022_21.07.55,0,13498
11-15-2022_21.07.55,0,13587
11-15-2022_21.07.55,0,13527
11-15-2022_21.07.55,0,13577
11-15-2022_21.07.55,0,13597
11-15-2022_21.07.56,0,13537
11-15-2022_21.07.56,0,13607
11-15-2022_21.07.56,0,13547
11-15-2022_21.07.56,0,13537
11-15-2022_21.07.56,0,13547
11-15-2022_21.07.56,0,13547
11-15-2022_21.07.56,0,13527
11-15-2022_21.07.56,0,13557
11-15-2022_21.07.56,0,13508
11-15-2022_21.07.56,0,13597
11-15-2022_21.07.56,0,13557
11-15-2022_21.07.57,0,13587
11-15-2022_21.07.57,0,13547
11-15-2022_21.07.57,0,13547
11-15-2022_21.07.57,0,13537
11-15-2022_21.07.57,0,13537
11-15-2022_21.07.57,0,13547
11-15-2022_21.07.57,0,13557
11-15-2022_21.07.57,0,13537
11-15-2022_21.07.57,0,13547
11-15-2022_21.07.57,0,13587
11-15-2022_21.07.58,0,13508
11-15-2022_21.07.58,0,13537
11-15-2022_21.07.58,0,13567
11-15-2022_21.07.58,0,13508
11-15-2022_21.07.58,0,13508
11-15-2022_21.07.58,0,13537
11-15-2022_21.07.58,0,13498
11-15-2022_21.07.58,0,13557
11-15-2022_21.07.58,0,13527
11-15-2022_21.07.58,0,13438
11-15-2022_21.07.59,0,13149
11-15-2022_21.07.59,0,12501
11-15-2022_21.07.59,0,11356
11-15-2022_21.07.59,0,10659
11-15-2022_21.07.59,0,10021
11-15-2022_21.07.59,0,9483
11-15-2022_21.07.59,0,9264
11-15-2022_21.07.59,0,9344
11-15-2022_21.07.59,0,9314
11-15-2022_21.07.59,0,9264
11-15-2022_21.08.00,0,9344
11-15-2022_21.08.00,0,9324
11-15-2022_21.08.00,0,9304
11-15-2022_21.08.00,1,9304
11-15-2022_21.08.00,1,9304
11-15-2022_21.08.00,1,9294
11-15-2022_21.08.00,1,9324
11-15-2022_21.08.00,1,9324
11-15-2022_21.08.00,1,9304
11-15-2022_21.08.00,1,9294
11-15-2022_21.08.01,1,9314
11-15-2022_21.08.01,1,9314
11-15-2022_21.08.01,1,9294
11-15-2022_21.08.01,1,9284
11-15-2022_21.08.01,1,9314
11-15-2022_21.08.01,1,9314
11-15-2022_21.08.01,1,9294
11-15-2022_21.08.01,1,9314
11-15-2022_21.08.01,1,9334
11-15-2022_21.08.01,1,9324
11-15-2022_21.08.02,1,9284
11-15-2022_21.08.02,1,9294
11-15-2022_21.08.02,1,9304
11-15-2022_21.08.02,1,9314
11-15-2022_21.08.02,1,9324
11-15-2022_21.08.02,1,9314
11-15-2022_21.08.02,1,9304
11-15-2022_21.08.02,1,9334
11-15-2022_21.08.02,1,9274
11-15-2022_21.08.02,1,9314
11-15-2022_21.08.03,1,9324
11-15-2022_21.08.03,1,9304
11-15-2022_21.08.03,1,9294
11-15-2022_21.08.03,1,9344
11-15-2022_21.08.03,1,9344
11-15-2022_21.08.03,0,9274
11-15-2022_21.08.03,0,9324
11-15-2022_21.08.03,0,9304
11-15-2022_21.08.03,0,9294
11-15-2022_21.08.03,0,9334
11-15-2022_21.08.04,0,9284
11-15-2022_21.08.04,0,9334
11-15-2022_21.08.04,0,9254
11-15-2022_21.08.04,0,9314
11-15-2022_21.08.04,0,9324
11-15-2022_21.08.04,0,9264
11-15-2022_21.08.04,0,9344
11-15-2022_21.08.04,0,9304
11-15-2022_21.08.04,0,9304
11-15-2022_21.08.04,0,9284
11-15-2022_21.08.05,0,9344
11-15-2022_21.08.05,0,9264
11-15-2022_21.08.05,0,9314
11-15-2022_21.08.05,0,9264
11-15-2022_21.08.05,0,9304
11-15-2022_21.08.05,0,9324
11-15-2022_21.08.05,0,9324
11-15-2022_21.08.05,0,9294
11-15-2022_21.08.05,0,9304
11-15-2022_21.08.05,0,9304
11-15-2022_21.08.06,0,9294
11-15-2022_21.08.06,0,9314
11-15-2022_21.08.06,0,9244
11-15-2022_21.08.06,0,9304
11-15-2022_21.08.06,0,9304
11-15-2022_21.08.06,0,9294
11-15-2022_21.08.06,0,9334
11-15-2022_21.08.06,0,9294
11-15-2022_21.08.06,0,9334
11-15-2022_21.08.06,0,9294
11-15-2022_21.08.07,0,9294
11-15-2022_21.08.07,0,9324
11-15-2022_21.08.07,0,9284
11-15-2022_21.08.07,0,9304
11-15-2022_21.08.07,0,8985
11-15-2022_21.08.07,0,8457
11-15-2022_21.08.07,0,8129
11-15-2022_21.08.07,0,7989
11-15-2022_21.08.07,0,7810
11-15-2022_21.08.07,0,7521
11-15-2022_21.08.08,0,7332
11-15-2022_21.08.08,0,7133
11-15-2022_21.08.08,0,6913
11-15-2022_21.08.08,0,6704
11-15-2022_21.08.08,0,6515
11-15-2022_21.08.08,0,6505
11-15-2022_21.08.08,0,6525
11-15-2022_21.08.08,0,6525
11-15-2022_21.08.08,0,6515
11-15-2022_21.08.08,0,6505
11-15-2022_21.08.09,1,6515
11-15-2022_21.08.09,1,6535
11-15-2022_21.08.09,1,6545
11-15-2022_21.08.09,1,6505
11-15-2022_21.08.09,1,6515
11-15-2022_21.08.09,1,6525
11-15-2022_21.08.09,1,6505
11-15-2022_21.08.09,1,6525
11-15-2022_21.08.09,1,6515
11-15-2022_21.08.09,1,6525
11-15-2022_21.08.10,1,6515
11-15-2022_21.08.10,1,6535
11-15-2022_21.08.10,1,6525
11-15-2022_21.08.10,1,6525
11-15-2022_21.08.10,1,6505
11-15-2022_21.08.10,1,6525
11-15-2022_21.08.10,1,6505
11-15-2022_21.08.10,1,6525
11-15-2022_21.08.10,1,6515
11-15-2022_21.08.10,1,6515
11-15-2022_21.08.11,1,6515
11-15-2022_21.08.11,1,6525
11-15-2022_21.08.11,1,6545
11-15-2022_21.08.11,1,6515
11-15-2022_21.08.11,1,6525
11-15-2022_21.08.11,1,6525
11-15-2022_21.08.11,1,6535
11-15-2022_21.08.11,1,6555
11-15-2022_21.08.11,1,6505
11-15-2022_21.08.11,1,6525
11-15-2022_21.08.12,1,6515
11-15-2022_21.08.12,1,6515
11-15-2022_21.08.12,1,6515
11-15-2022_21.08.12,1,6525
11-15-2022_21.08.12,1,6535
11-15-2022_21.08.12,1,6525
11-15-2022_21.08.12,1,6525
11-15-2022_21.08.12,1,6515
11-15-2022_21.08.12,1,6525
11-15-2022_21.08.12,1,6525
11-15-2022_21.08.13,1,6525
11-15-2022_21.08.13,1,6525
11-15-2022_21.08.13,1,6525
11-15-2022_21.08.13,1,6525
11-15-2022_21.08.13,1,6535
11-15-2022_21.08.13,1,6644
11-15-2022_21.08.13,1,6933
11-15-2022_21.08.13,1,7322
11-15-2022_21.08.13,1,7690
11-15-2022_21.08.13,1,8049
11-15-2022_21.08.14,1,8706
11-15-2022_21.08.14,1,9872
11-15-2022_21.08.14,1,10908
11-15-2022_21.08.14,1,11834
11-15-2022_21.08.14,1,12920
11-15-2022_21.08.14,1,15051
11-15-2022_21.08.14,1,16924
11-15-2022_21.08.14,1,18179
11-15-2022_21.08.14,1,19514
11-15-2022_21.08.14,1,20391
11-15-2022_21.08.15,1,20550
11-15-2022_21.08.15,1,20550
11-15-2022_21.08.15,1,20600
11-15-2022_21.08.15,1,20470
11-15-2022_21.08.15,1,20560
11-15-2022_21.08.15,1,20540
11-15-2022_21.08.15,1,20540
11-15-2022_21.08.15,1,20550
11-15-2022_21.08.15,1,20540
11-15-2022_21.08.15,1,20570
11-15-2022_21.08.16,1,20520
11-15-2022_21.08.16,1,20530
11-15-2022_21.08.16,1,20570
11-15-2022_21.08.16,1,20600
11-15-2022_21.08.16,1,20530
11-15-2022_21.08.16,1,20540
11-15-2022_21.08.16,1,20530
11-15-2022_21.08.16,1,20540
11-15-2022_21.08.16,1,20540
11-15-2022_21.08.16,1,20460
11-15-2022_21.08.17,1,20540
11-15-2022_21.08.17,1,20391
11-15-2022_21.08.17,1,20520
11-15-2022_21.08.17,1,20520
11-15-2022_21.08.17,1,20560
11-15-2022_21.08.17,1,20490
11-15-2022_21.08.17,1,20510
11-15-2022_21.08.17,1,20510
11-15-2022_21.08.17,1,20510
11-15-2022_21.08.17,1,20550
11-15-2022_21.08.18,1,20500
11-15-2022_21.08.18,1,20510
11-15-2022_21.08.18,1,20550
11-15-2022_21.08.18,1,20520
11-15-2022_21.08.18,1,20520
11-15-2022_21.08.18,1,20520
11-15-2022_21.08.18,1,20500
11-15-2022_21.08.18,1,20480
11-15-2022_21.08.18,1,20122
11-15-2022_21.08.18,1,19255
11-15-2022_21.08.19,1,17751
11-15-2022_21.08.19,1,16147
11-15-2022_21.08.19,1,15400
11-15-2022_21.08.19,1,15350
11-15-2022_21.08.19,1,15390
11-15-2022_21.08.19,1,15350
11-15-2022_21.08.19,1,15370
11-15-2022_21.08.19,1,15350
11-15-2022_21.08.19,1,15390
11-15-2022_21.08.19,1,15350
11-15-2022_21.08.20,1,15390
11-15-2022_21.08.20,1,15370
11-15-2022_21.08.20,1,15390
11-15-2022_21.08.20,1,15350
11-15-2022_21.08.20,1,15390
11-15-2022_21.08.20,1,15350
11-15-2022_21.08.20,1,15360
11-15-2022_21.08.20,1,15340
11-15-2022_21.08.20,1,15350
11-15-2022_21.08.20,1,15360
11-15-2022_21.08.21,1,15370
11-15-2022_21.08.21,1,15350
11-15-2022_21.08.21,1,15370
11-15-2022_21.08.21,1,15400
11-15-2022_21.08.21,1,15350
11-15-2022_21.08.21,1,15350
11-15-2022_21.08.21,1,15360
11-15-2022_21.08.21,1,15390
11-15-2022_21.08.21,1,15360
11-15-2022_21.08.21,1,15350
11-15-2022_21.08.22,1,15281
11-15-2022_21.08.22,1,14862
11-15-2022_21.08.22,1,13647
11-15-2022_21.08.22,1,12442
11-15-2022_21.08.22,1,12103
11-15-2022_21.08.22,1,12063
11-15-2022_21.08.22,1,12053
11-15-2022_21.08.22,1,12083
11-15-2022_21.08.22,1,12003
11-15-2022_21.08.22,1,12063
11-15-2022_21.08.23,1,12073
11-15-2022_21.08.23,1,12053
11-15-2022_21.08.23,1,12083
11-15-2022_21.08.23,1,11984
11-15-2022_21.08.23,1,12083
11-15-2022_21.08.23,0,12053
11-15-2022_21.08.23,0,12053
11-15-2022_21.08.23,0,12053
11-15-2022_21.08.23,0,12063
11-15-2022_21.08.23,0,12053
11-15-2022_21.08.24,0,12063
11-15-2022_21.08.24,0,12063
11-15-2022_21.08.24,0,12063
11-15-2022_21.08.24,0,12053
11-15-2022_21.08.24,0,12063
11-15-2022_21.08.24,0,12073
11-15-2022_21.08.24,0,12053
11-15-2022_21.08.24,0,12103
11-15-2022_21.08.24,0,12063
11-15-2022_21.08.24,0,12053
11-15-2022_21.08.25,0,12053
11-15-2022_21.08.25,0,12133
11-15-2022_21.08.25,0,13318
11-15-2022_21.08.25,0,16257
11-15-2022_21.08.25,0,21606
11-15-2022_21.08.25,0,24973
11-15-2022_21.08.25,0,24953
11-15-2022_21.08.25,0,25072
11-15-2022_21.08.25,0,25072
11-15-2022_21.08.25,0,25092
11-15-2022_21.08.26,0,25022
11-15-2022_21.08.26,0,25072
11-15-2022_21.08.26,0,25142
11-15-2022_21.08.26,0,24923
11-15-2022_21.08.26,0,25132
11-15-2022_21.08.26,0,24963
11-15-2022_21.08.26,0,25072
11-15-2022_21.08.26,0,25052
11-15-2022_21.08.26,0,25072
11-15-2022_21.08.26,0,25062
11-15-2022_21.08.27,1,25072
11-15-2022_21.08.27,1,25062
11-15-2022_21.08.27,1,25062
11-15-2022_21.08.27,1,25072
11-15-2022_21.08.27,1,25042
11-15-2022_21.08.27,1,25062
11-15-2022_21.08.27,1,25082
11-15-2022_21.08.27,1,25082
11-15-2022_21.08.27,1,25062
11-15-2022_21.08.27,1,25062
11-15-2022_21.08.28,1,25152
11-15-2022_21.08.28,1,25072
11-15-2022_21.08.28,1,25052
11-15-2022_21.08.28,1,25152
11-15-2022_21.08.28,1,25042
11-15-2022_21.08.28,1,25052
11-15-2022_21.08.28,1,25072
11-15-2022_21.08.28,1,24953
11-15-2022_21.08.28,1,25072
11-15-2022_21.08.28,1,25042
11-15-2022_21.08.29,1,25072
11-15-2022_21.08.29,1,25032
11-15-2022_21.08.29,1,25062
11-15-2022_21.08.29,1,25092
11-15-2022_21.08.29,1,25032
11-15-2022_21.08.29,1,24992
11-15-2022_21.08.29,1,25062
11-15-2022_21.08.29,1,25042
11-15-2022_21.08.29,1,25042
11-15-2022_21.08.29,1,25092
11-15-2022_21.08.30,1,25092
11-15-2022_21.08.30,1,25062
11-15-2022_21.08.30,1,25082
11-15-2022_21.08.30,1,25092
11-15-2022_21.08.30,1,25082
11-15-2022_21.08.30,0,25092
11-15-2022_21.08.30,0,25082
11-15-2022_21.08.30,0,25082
11-15-2022_21.08.30,0,25072
11-15-2022_21.08.30,0,25112
11-15-2022_21.08.31,0,25002
11-15-2022_21.08.31,0,25082
11-15-2022_21.08.31,0,24903
11-15-2022_21.08.31,0,23867
11-15-2022_21.08.31,0,21745
11-15-2022_21.08.31,0,19534
11-15-2022_21.08.31,0,17044
11-15-2022_21.08.31,0,14195
11-15-2022_21.08.31,0,12242
11-15-2022_21.08.31,0,10848
11-15-2022_21.08.32,0,9473
11-15-2022_21.08.32,0,8497
11-15-2022_21.08.32,0,8378
11-15-2022_21.08.32,0,8408
11-15-2022_21.08.32,0,8417
11-15-2022_21.08.32,0,8457
11-15-2022_21.08.32,0,8408
11-15-2022_21.08.32,0,8437
11-15-2022_21.08.32,0,8398
11-15-2022_21.08.32,0,8408
11-15-2022_21.08.33,0,8398
11-15-2022_21.08.33,0,8427
11-15-2022_21.08.33,0,8368
11-15-2022_21.08.33,0,8457
11-15-2022_21.08.33,0,8398
11-15-2022_21.08.33,0,8427
11-15-2022_21.08.33,0,8437
11-15-2022_21.08.33,0,8417
11-15-2022_21.08.33,0,8408
11-15-2022_21.08.33,0,8378
11-15-2022_21.08.34,1,8427
11-15-2022_21.08.34,1,8427
11-15-2022_21.08.34,1,8427
11-15-2022_21.08.34,1,8408
11-15-2022_21.08.34,1,8437
11-15-2022_21.08.34,1,8437
11-15-2022_21.08.34,1,8417
11-15-2022_21.08.34,1,8388
11-15-2022_21.08.34,1,8427
11-15-2022_21.08.34,1,8427
11-15-2022_21.08.35,1,8417
11-15-2022_21.08.35,1,8378
11-15-2022_21.08.35,1,8417
11-15-2022_21.08.35,1,8457
11-15-2022_21.08.35,1,8437
11-15-2022_21.08.35,1,8417
11-15-2022_21.08.35,1,8437
11-15-2022_21.08.35,1,8457
11-15-2022_21.08.35,1,8447
11-15-2022_21.08.35,1,8437
11-15-2022_21.08.36,1,8427
11-15-2022_21.08.36,1,8417
11-15-2022_21.08.36,1,8447
11-15-2022_21.08.36,1,8398
11-15-2022_21.08.36,1,8398
11-15-2022_21.08.36,1,8408
11-15-2022_21.08.36,1,8437
11-15-2022_21.08.36,1,8417
11-15-2022_21.08.36,1,8417
11-15-2022_21.08.36,1,8417
11-15-2022_21.08.37,1,8457
11-15-2022_21.08.37,1,8417
11-15-2022_21.08.37,1,8417
11-15-2022_21.08.37,1,8417
11-15-2022_21.08.37,1,8408
11-15-2022_21.08.37,0,8427
11-15-2022_21.08.37,0,8417
11-15-2022_21.08.37,0,8368
11-15-2022_21.08.37,0,8417
11-15-2022_21.08.37,0,8437
11-15-2022_21.08.38,0,8417
11-15-2022_21.08.38,0,8408
11-15-2022_21.08.38,0,8398
11-15-2022_21.08.38,0,8427
11-15-2022_21.08.38,0,8417
11-15-2022_21.08.38,0,8228
11-15-2022_21.08.38,0,7780
11-15-2022_21.08.38,0,7372
11-15-2022_21.08.38,0,7162
11-15-2022_21.08.38,0,7133
11-15-2022_21.08.39,0,7113
11-15-2022_21.08.39,0,7103
11-15-2022_21.08.39,0,7123
11-15-2022_21.08.39,0,7103
11-15-2022_21.08.39,0,7113
11-15-2022_21.08.39,0,7133
11-15-2022_21.08.39,0,7123
11-15-2022_21.08.39,1,7103
11-15-2022_21.08.39,1,7113
11-15-2022_21.08.39,1,7133
11-15-2022_21.08.40,1,7113
11-15-2022_21.08.40,1,7103
11-15-2022_21.08.40,1,7123
11-15-2022_21.08.40,1,7123
11-15-2022_21.08.40,1,7123
11-15-2022_21.08.40,1,7123
11-15-2022_21.08.40,1,7113
11-15-2022_21.08.40,1,7133
11-15-2022_21.08.40,1,7123
11-15-2022_21.08.40,1,7113
11-15-2022_21.08.41,1,7113
11-15-2022_21.08.41,1,7103
11-15-2022_21.08.41,1,7133
11-15-2022_21.08.41,1,7162
11-15-2022_21.08.41,1,7133
11-15-2022_21.08.41,1,7093
11-15-2022_21.08.41,1,7103
11-15-2022_21.08.41,0,7133
11-15-2022_21.08.41,0,7133
11-15-2022_21.08.41,0,7113
11-15-2022_21.08.42,0,7123
11-15-2022_21.08.42,0,7103
11-15-2022_21.08.42,0,7113
11-15-2022_21.08.42,0,7123
11-15-2022_21.08.42,0,7093
11-15-2022_21.08.42,0,7123
11-15-2022_21.08.42,0,7133
11-15-2022_21.08.42,0,7123
11-15-2022_21.08.42,0,7113
11-15-2022_21.08.42,0,7113
11-15-2022_21.08.43,0,7113
11-15-2022_21.08.43,0,7113
11-15-2022_21.08.43,0,7113
11-15-2022_21.08.43,0,7123
11-15-2022_21.08.43,0,7113
11-15-2022_21.08.43,0,7133
11-15-2022_21.08.43,0,7113
11-15-2022_21.08.43,0,7113
11-15-2022_21.08.43,0,7123
11-15-2022_21.08.43,0,7123
11-15-2022_21.08.44,0,7103
11-15-2022_21.08.44,0,7123
11-15-2022_21.08.44,0,7113
11-15-2022_21.08.44,0,7113
11-15-2022_21.08.44,0,7093
11-15-2022_21.08.44,0,7133
11-15-2022_21.08.44,0,7113
11-15-2022_21.08.44,0,7123
11-15-2022_21.08.44,0,7123
11-15-2022_21.08.44,0,7073
11-15-2022_21.08.45,0,7113
11-15-2022_21.08.45,0,7103
11-15-2022_21.08.45,0,7093
11-15-2022_21.08.45,0,7083
11-15-2022_21.08.45,0,7073
11-15-2022_21.08.45,0,6893
11-15-2022_21.08.45,0,6664
11-15-2022_21.08.45,0,6585
11-15-2022_21.08.45,0,6545
11-15-2022_21.08.45,0,6525
11-15-2022_21.08.46,0,6495
11-15-2022_21.08.46,0,6495
11-15-2022_21.08.46,0,6495
11-15-2022_21.08.46,0,6485
11-15-2022_21.08.46,0,6485
11-15-2022_21.08.46,0,6495
11-15-2022_21.08.46,0,6495
11-15-2022_21.08.46,0,6495
11-15-2022_21.08.46,0,6485
11-15-2022_21.08.46,1,6465
11-15-2022_21.08.47,1,6495
11-15-2022_21.08.47,1,6485
11-15-2022_21.08.47,1,6475
11-15-2022_21.08.47,1,6505
11-15-2022_21.08.47,1,6475
11-15-2022_21.08.47,1,6505
11-15-2022_21.08.47,1,6505
11-15-2022_21.08.47,1,6495
11-15-2022_21.08.47,1,6495
11-15-2022_21.08.47,1,6475
11-15-2022_21.08.48,1,6515
11-15-2022_21.08.48,1,6475
11-15-2022_21.08.48,1,6475
11-15-2022_21.08.48,1,6495
11-15-2022_21.08.48,1,6495
11-15-2022_21.08.48,1,6475
11-15-2022_21.08.48,1,6465
11-15-2022_21.08.48,1,6485
11-15-2022_21.08.48,1,6515
11-15-2022_21.08.48,1,6475
11-15-2022_21.08.49,1,6485
11-15-2022_21.08.49,0,6505
11-15-2022_21.08.49,0,6465
11-15-2022_21.08.49,0,6505
11-15-2022_21.08.49,0,6495
11-15-2022_21.08.49,0,6475
11-15-2022_21.08.49,0,6485
11-15-2022_21.08.49,0,6505
11-15-2022_21.08.49,0,6485
11-15-2022_21.08.49,0,6465
11-15-2022_21.08.50,0,6485
11-15-2022_21.08.50,0,6465
11-15-2022_21.08.50,0,6505
11-15-2022_21.08.50,0,6495
11-15-2022_21.08.50,0,6505
11-15-2022_21.08.50,0,6485
11-15-2022_21.08.50,0,6505
11-15-2022_21.08.50,0,6475
11-15-2022_21.08.50,0,6495
11-15-2022_21.08.50,0,6455
11-15-2022_21.08.51,0,6495
11-15-2022_21.08.51,0,6495
11-15-2022_21.08.51,0,6495
11-15-2022_21.08.51,0,6495
11-15-2022_21.08.51,0,6455
11-15-2022_21.08.51,0,6545
11-15-2022_21.08.51,0,6794
11-15-2022_21.08.51,0,7292
11-15-2022_21.08.51,0,7890
11-15-2022_21.08.51,0,8248
11-15-2022_21.08.52,0,8288
11-15-2022_21.08.52,0,8298
11-15-2022_21.08.52,0,8318
11-15-2022_21.08.52,0,8358
11-15-2022_21.08.52,0,8268
11-15-2022_21.08.52,0,8318
11-15-2022_21.08.52,0,8338
11-15-2022_21.08.52,0,8288
11-15-2022_21.08.52,0,8338
11-15-2022_21.08.52,0,8318
11-15-2022_21.08.53,0,8308
11-15-2022_21.08.53,0,8358
11-15-2022_21.08.53,0,8318
11-15-2022_21.08.53,0,8328
11-15-2022_21.08.53,0,8308
11-15-2022_21.08.53,0,8338
11-15-2022_21.08.53,0,8338
11-15-2022_21.08.53,0,8308
11-15-2022_21.08.53,0,8318
11-15-2022_21.08.53,0,8298
11-15-2022_21.08.54,0,8318
11-15-2022_21.08.54,1,8348
11-15-2022_21.08.54,1,8318
11-15-2022_21.08.54,1,8298
11-15-2022_21.08.54,1,8288
11-15-2022_21.08.54,1,8348
11-15-2022_21.08.54,1,8328
11-15-2022_21.08.54,1,8298
11-15-2022_21.08.54,1,8358
11-15-2022_21.08.54,1,8338
11-15-2022_21.08.55,1,8338
11-15-2022_21.08.55,1,8308
11-15-2022_21.08.55,1,8308
11-15-2022_21.08.55,1,8288
11-15-2022_21.08.55,1,8318
11-15-2022_21.08.55,1,8308
11-15-2022_21.08.55,1,8298
11-15-2022_21.08.55,1,8338
11-15-2022_21.08.55,1,8348
11-15-2022_21.08.55,1,8338
11-15-2022_21.08.56,1,8328
11-15-2022_21.08.56,1,8308
11-15-2022_21.08.56,1,8288
11-15-2022_21.08.56,1,8318
11-15-2022_21.08.56,1,8318
11-15-2022_21.08.56,1,8298
11-15-2022_21.08.56,1,8358
11-15-2022_21.08.56,1,8348
11-15-2022_21.08.56,1,8328
11-15-2022_21.08.56,1,8318
11-15-2022_21.08.57,1,8368
11-15-2022_21.08.57,0,8338
11-15-2022_21.08.57,0,8298
11-15-2022_21.08.57,0,8328
11-15-2022_21.08.57,0,8278
11-15-2022_21.08.57,0,8328
11-15-2022_21.08.57,0,8318
11-15-2022_21.08.57,0,8278
11-15-2022_21.08.57,0,8328
11-15-2022_21.08.57,0,8338
11-15-2022_21.08.58,0,8308
11-15-2022_21.08.58,0,8318
11-15-2022_21.08.58,0,8328
11-15-2022_21.08.58,0,8328
11-15-2022_21.08.58,0,8328
11-15-2022_21.08.58,0,8318
11-15-2022_21.08.58,0,8318
11-15-2022_21.08.58,0,8338
11-15-2022_21.08.58,0,8328
11-15-2022_21.08.58,0,8328
11-15-2022_21.08.58,0,8268
11-15-2022_21.08.59,0,8308
11-15-2022_21.08.59,0,8328
11-15-2022_21.08.59,0,8328
11-15-2022_21.08.59,0,8268
11-15-2022_21.08.59,0,8318
11-15-2022_21.08.59,0,8328
11-15-2022_21.08.59,0,8318
11-15-2022_21.08.59,0,8318
11-15-2022_21.08.59,0,8288
11-15-2022_21.08.59,0,8328
11-15-2022_21.09.00,0,8328
11-15-2022_21.09.00,0,8358
11-15-2022_21.09.00,0,8298
11-15-2022_21.09.00,0,8358
11-15-2022_21.09.00,0,8298
11-15-2022_21.09.00,0,8338
11-15-2022_21.09.00,0,8298
11-15-2022_21.09.00,0,8288
11-15-2022_21.09.00,0,8328
11-15-2022_21.09.00,0,8308
11-15-2022_21.09.01,0,8308
11-15-2022_21.09.01,0,8328
11-15-2022_21.09.01,0,8308
11-15-2022_21.09.01,0,8318
11-15-2022_21.09.01,0,8328
11-15-2022_21.09.01,0,8318
11-15-2022_21.09.01,0,8318
11-15-2022_21.09.01,0,8338
11-15-2022_21.09.01,0,8348
11-15-2022_21.09.01,0,8318
11-15-2022_21.09.02,0,8348
11-15-2022_21.09.02,0,8308
11-15-2022_21.09.02,0,8328
11-15-2022_21.09.02,0,8328
11-15-2022_21.09.02,0,8318
11-15-2022_21.09.02,0,8318
11-15-2022_21.09.02,0,8318
11-15-2022_21.09.02,0,8318
11-15-2022_21.09.02,0,8308
11-15-2022_21.09.02,0,8318
11-15-2022_21.09.03,0,8348
11-15-2022_21.09.03,0,8338
11-15-2022_21.09.03,0,8338
11-15-2022_21.09.03,0,8318
11-15-2022_21.09.03,0,8318
11-15-2022_21.09.03,0,8348
11-15-2022_21.09.03,0,8318
11-15-2022_21.09.03,0,8318
11-15-2022_21.09.03,0,8298
11-15-2022_21.09.03,0,8318
11-15-2022_21.09.04,0,8318
11-15-2022_21.09.04,0,8318
11-15-2022_21.09.04,0,8288
11-15-2022_21.09.04,0,8328
11-15-2022_21.09.04,0,8308
11-15-2022_21.09.04,0,8318
11-15-2022_21.09.04,0,8318
11-15-2022_21.09.04,0,8298
11-15-2022_21.09.04,0,8308
11-15-2022_21.09.04,0,8278
11-15-2022_21.09.05,0,8338
11-15-2022_21.09.05,0,8318
11-15-2022_21.09.05,0,8298
11-15-2022_21.09.05,0,8318
11-15-2022_21.09.05,0,8328
11-15-2022_21.09.05,0,8318
11-15-2022_21.09.05,0,8338
11-15-2022_21.09.05,0,8288
11-15-2022_21.09.05,0,8318
11-15-2022_21.09.05,0,8338
11-15-2022_21.09.06,0,8318
11-15-2022_21.09.06,0,8328
11-15-2022_21.09.06,0,8318
11-15-2022_21.09.06,0,8268
11-15-2022_21.09.06,0,8298
11-15-2022_21.09.06,0,8328
11-15-2022_21.09.06,0,8278
11-15-2022_21.09.06,0,8308
11-15-2022_21.09.06,0,8318
11-15-2022_21.09.06,0,8318
11-15-2022_21.09.07,0,8338
11-15-2022_21.09.07,0,8278
11-15-2022_21.09.07,0,8358
11-15-2022_21.09.07,0,8318
11-15-2022_21.09.07,0,8318
11-15-2022_21.09.07,0,8308
11-15-2022_21.09.07,0,8328