Puissance,recuperation,duree
8209.944250922259, ,0.4
8156.154063502077, ,0.4
8209.944250922259, ,0.4
8254.411242891732, ,0.4
8298.317429597608, ,0.4
8156.154063502077, ,0.4
8111.4955270864075, ,0.4
8200.251282503223, ,0.4
8101.930084247862, ,0.4
8057.641832951442, ,0.4
8101.930084247862, ,0.4
8308.137923597133, ,0.4
8308.137923597133, ,0.4
7904.5225342542, ,0.4
8111.4955270864075, ,0.4
8156.154063502077, ,0.4
8352.413371120409, ,0.4
8406.076545111026, ,0.4
8111.4955270864075, ,0.4
8264.168230176474, ,0.4
8362.297883985639, ,0.4
8460.172486633826, ,0.4
8308.137923597133, ,0.4
8111.4955270864075, ,0.4
8416.024564691039, ,0.4
8460.172486633826, ,0.4
8209.944250922259, ,0.4
8209.944250922259, ,0.4
8406.076545111026, ,0.4
7958.874551239831, ,0.4
8101.930084247862, ,0.4
8156.154063502077, ,0.4
8308.137923597133, ,0.4
8308.137923597133, ,0.4
8396.128525531014, ,0.4
7859.8522183672385, ,0.4
8156.154063502077, ,0.4
8101.930084247862, ,0.4
8254.411242891732, ,0.4
8503.760115463943, ,0.4
8308.137923597133, ,0.4
8057.641832951442, ,0.4
8111.4955270864075, ,0.4
8209.944250922259, ,0.4
8200.251282503223, ,0.4
8352.413371120409, ,0.4
8200.251282503223, ,0.4
8003.3538348315205, ,0.4
8057.641832951442, ,0.4
8111.4955270864075, ,0.4
8308.137923597133, ,0.4
8406.076545111026, ,0.4
7958.874551239831, ,0.4
8057.641832951442, ,0.4
8012.791752089576, ,0.4
8416.024564691039, ,0.4
8200.251282503223, ,0.4
8406.076545111026, ,0.4
7958.874551239831, ,0.4
8111.4955270864075, ,0.4
8111.4955270864075, ,0.4
8209.944250922259, ,0.4
8460.172486633826, ,0.4
8406.076545111026, ,0.4
8111.4955270864075, ,0.4
8057.641832951442, ,0.4
8012.791752089576, ,0.4
8254.411242891732, ,0.4
8254.411242891732, ,0.4
8146.524601797824, ,0.4
7958.874551239831, ,0.4
8057.641832951442, ,0.4
8057.641832951442, ,0.4
8254.411242891732, ,0.4
8352.413371120409, ,0.4
8156.154063502077, ,0.4
8012.791752089576, ,0.4
8111.4955270864075, ,0.4
8111.4955270864075, ,0.4
8264.168230176474, ,0.4
8406.076545111026, ,0.4
8156.154063502077, ,0.4
7760.574834333672, ,0.4
8665.423628053966, ,0.4
10634.283382963658, ,0.4
9399.47111236862, ,0.4
8268.102061436466, ,0.4
8140.191855602043, ,0.4
7913.832925931767, ,0.4
8101.930084247862, ,0.4
8298.317429597608, ,0.4
7993.915917573463, ,0.4
7949.500140696557, ,0.4
8048.139896827679, ,0.4
8003.3538348315205, ,0.4
8308.137923597133, ,0.4
7949.500140696557, ,0.4
7949.500140696557, ,0.4
8156.154063502077, ,0.4
8200.251282503223, ,0.4
8254.411242891732, ,0.4
9691.314171544664, ,0.4
8185.042448614836, ,0.4
8513.835660624447, ,0.4
8012.791752089576, ,0.4
8264.168230176474, ,0.4
8406.076545111026, ,0.4
7958.874551239831, ,0.4
8165.7835252063305, ,0.4
8057.641832951442, ,0.4
8209.944250922259, ,0.4
8156.154063502077, ,0.4
8111.4955270864075, ,0.4
8219.637219341294, ,0.4
8308.137923597133, ,0.4
8460.172486633826, ,0.4
8209.944250922259, ,0.4
8057.641832951442, ,0.4
8057.641832951442, ,0.4
8101.930084247862, ,0.4
8406.076545111026, ,0.4
8352.413371120409, ,0.4
8057.641832951442, ,0.4
8156.154063502077, ,0.4
8254.411242891732, ,0.4
8111.4955270864075, ,0.4
8308.137923597133, ,0.4
8352.413371120409, ,0.4
8450.160448188108, ,0.4
8003.3538348315205, ,0.4
8111.4955270864075, ,0.4
8111.4955270864075, ,0.4
8264.168230176474, ,0.4
8406.076545111026, ,0.4
8209.944250922259, ,0.4
8057.641832951442, ,0.4
8254.411242891732, ,0.4
8406.076545111026, ,0.4
8057.641832951442, ,0.4
8111.4955270864075, ,0.4
8111.4955270864075, ,0.4
8254.411242891732, ,0.4
7904.5225342542, ,0.4
8254.411242891732, ,0.4
7958.874551239831, ,0.4
8057.641832951442, ,0.4
8165.7835252063305, ,0.4
8352.413371120409, ,0.4
8101.930084247862, ,0.4
7949.500140696557, ,0.4
8352.413371120409, ,0.4
8352.413371120409, ,0.4
7904.5225342542, ,0.4
8057.641832951442, ,0.4
7949.500140696557, ,0.4
8156.154063502077, ,0.4
8352.413371120409, ,0.4
8244.65425560699, ,0.4
7949.500140696557, ,0.4
8003.3538348315205, ,0.4
8156.154063502077, ,0.4
8254.411242891732, ,0.4
8352.413371120409, ,0.4
8352.413371120409, ,0.4
7958.874551239831, ,0.4
7958.874551239831, ,0.4
8057.641832951442, ,0.4
8352.413371120409, ,0.4
8101.930084247862, ,0.4
8209.944250922259, ,0.4
8450.160448188108, ,0.4
8111.4955270864075, ,0.4
8111.4955270864075, ,0.4
8264.168230176474, ,0.4
8308.137923597133, ,0.4
8012.791752089576, ,0.4
8003.3538348315205, ,0.4
8111.4955270864075, ,0.4
8308.137923597133, ,0.4
8254.411242891732, ,0.4
8254.411242891732, ,0.4
7958.874551239831, ,0.4
7958.874551239831, ,0.4
8264.168230176474, ,0.4
8352.413371120409, ,0.4
8406.076545111026, ,0.4
8101.930084247862, ,0.4
7958.874551239831, ,0.4
8057.641832951442, ,0.4
8057.641832951442, ,0.4
8396.128525531014, ,0.4
8352.413371120409, ,0.4
8156.154063502077, ,0.4
8111.4955270864075, ,0.4
8156.154063502077, ,0.4
8264.168230176474, ,0.4
8416.024564691039, ,0.4
8406.076545111026, ,0.4
8111.4955270864075, ,0.4
8057.641832951442, ,0.4
8156.154063502077, ,0.4
8209.944250922259, ,0.4
8298.317429597608, ,0.4
8209.944250922259, ,0.4
8057.641832951442, ,0.4
7958.874551239831, ,0.4
8156.154063502077, ,0.4
8298.317429597608, ,0.4
8352.413371120409, ,0.4
8156.154063502077, ,0.4
8003.3538348315205, ,0.4
8111.4955270864075, ,0.4
8101.930084247862, ,0.4
8362.297883985639, ,0.4
8352.413371120409, ,0.4
8308.137923597133, ,0.4
7958.874551239831, ,0.4
8209.944250922259, ,0.4
8156.154063502077, ,0.4
8254.411242891732, ,0.4
8450.160448188108, ,0.4
8209.944250922259, ,0.4
8057.641832951442, ,0.4
8012.791752089576, ,0.4
8209.944250922259, ,0.4
8352.413371120409, ,0.4
8352.413371120409, ,0.4
8254.411242891732, ,0.4
8165.7835252063305, ,0.4
8523.911205784949, ,0.4
8480.196563525269, ,0.4
8977.668731504587, ,0.4
8425.972584271054, ,0.4
7913.832925931767, ,0.4
8012.791752089576, ,0.4
8003.3538348315205, ,0.4
8317.958417596656, ,0.4
8308.137923597133, ,0.4
8352.413371120409, ,0.4
8057.641832951442, ,0.4
8003.3538348315205, ,0.4
8156.154063502077, ,0.4
8209.944250922259, ,0.4
9052.84122007106, ,0.4
8934.28647519566, ,0.4
8067.143769075206, ,0.4
8219.637219341294, ,0.4
8219.637219341294, ,0.4
8362.297883985639, ,0.4
8352.413371120409, ,0.4
9052.63123819154, ,0.4
7587.847837447549, ,0.4
7968.248961783105, ,0.4
8165.7835252063305, ,0.4
8352.413371120409, ,0.4
7958.874551239831, ,0.4
8003.3538348315205, ,0.4
8111.4955270864075, ,0.4
8362.297883985639, ,0.4
8352.413371120409, ,0.4
8352.413371120409, ,0.4
8057.641832951442, ,0.4
8057.641832951442, ,0.4
8200.251282503223, ,0.4
7958.874551239831, ,0.4
8254.411242891732, ,0.4
8254.411242891732, ,0.4
8003.3538348315205, ,0.4
8209.944250922259, ,0.4
8156.154063502077, ,0.4
7904.5225342542, ,0.4
8003.3538348315205, ,0.4
8298.317429597608, ,0.4
8352.413371120409, ,0.4
8003.3538348315205, ,0.4
8057.641832951442, ,0.4
8003.3538348315205, ,0.4
8254.411242891732, ,0.4
8352.413371120409, ,0.4
8298.317429597608, ,0.4
8003.3538348315205, ,0.4
7949.500140696557, ,0.4
8003.3538348315205, ,0.4
8352.413371120409, ,0.4
7904.5225342542, ,0.4
8048.139896827679, ,0.4
8057.641832951442, ,0.4
8298.317429597608, ,0.4
8156.154063502077, ,0.4
8003.3538348315205, ,0.4
8254.411242891732, ,0.4
8298.317429597608, ,0.4
8003.3538348315205, ,0.4
7949.500140696557, ,0.4
7949.500140696557, ,0.4
8156.154063502077, ,0.4
8101.930084247862, ,0.4
8396.128525531014, ,0.4
8156.154063502077, ,0.4
8003.3538348315205, ,0.4
8111.4955270864075, ,0.4
8254.411242891732, ,0.4
8200.251282503223, ,0.4
8111.4955270864075, ,0.4
8254.411242891732, ,0.4
8406.076545111026, ,0.4
8101.930084247862, ,0.4
8156.154063502077, ,0.4
8406.076545111026, ,0.4
8111.4955270864075, ,0.4
8298.317429597608, ,0.4
8200.251282503223, ,0.4
8101.930084247862, ,0.4
8254.411242891732, ,0.4
8057.641832951442, ,0.4
8003.3538348315205, ,0.4
8111.4955270864075, ,0.4
8200.251282503223, ,0.4
8352.413371120409, ,0.4
8254.411242891732, ,0.4
8111.4955270864075, ,0.4
8317.958417596656, ,0.4
8057.641832951442, ,0.4
8308.137923597133, ,0.4
8406.076545111026, ,0.4
8209.944250922259, ,0.4
8057.641832951442, ,0.4
8057.641832951442, ,0.4
8264.168230176474, ,0.4
8254.411242891732, ,0.4
8352.413371120409, ,0.4
8308.137923597133, ,0.4
8111.4955270864075, ,0.4
8156.154063502077, ,0.4
8003.3538348315205, ,0.4
7850.6053334044545, ,0.4
8352.413371120409, ,0.4
8200.251282503223, ,0.4
8003.3538348315205, ,0.4
8156.154063502077, ,0.4
8298.317429597608, ,0.4
8352.413371120409, ,0.4
8101.930084247862, ,0.4
11234.495075234005, ,0.4
12184.06130272642, ,0.4
8326.259871950673, ,0.4
13014.522223098355, ,0.4
13880.996572260823, ,0.4
8097.991131478614, ,0.4
14913.270052738018, ,0.4
19665.59685102554, ,0.4
19448.726541554963, ,0.4
22417.517958137367, ,0.4
22769.704687978334, ,0.4
21379.93244825923, ,0.4
12929.145639489041, ,0.4
3004.0955163409003, ,0.4
10248.221454446784, ,0.4
10316.437396990023, ,0.4
8229.330187760326, ,0.4
8362.297883985639, ,0.4
7958.874551239831, ,0.4
7949.500140696557, ,0.4
8003.3538348315205, ,0.4
8101.930084247862, ,0.4
8244.65425560699, ,0.4
8396.128525531014, ,0.4
8146.524601797824, ,0.4
7904.5225342542, ,0.4
8156.154063502077, ,0.4
8057.641832951442, ,0.4
8396.128525531014, ,0.4
8298.317429597608, ,0.4
8156.154063502077, ,0.4
8057.641832951442, ,0.4
7958.874551239831, ,0.4
8264.168230176474, ,0.4
8352.413371120409, ,0.4
8352.413371120409, ,0.4
8156.154063502077, ,0.4
7958.874551239831, ,0.4
8156.154063502077, ,0.4
8156.154063502077, ,0.4
8298.317429597608, ,0.4
8048.139896827679, ,0.4
8003.3538348315205, ,0.4
8057.641832951442, ,0.4
8101.930084247862, ,0.4
8200.251282503223, ,0.4
8308.137923597133, ,0.4
11248.014323218642, ,0.4
15589.648830672468, ,0.4
26702.583859399307, ,0.4
15225.401970834067, ,0.4
13975.062820625808, ,0.4
12658.135343516053, ,0.4
0.0, ,0.4
5818.703384602541, ,0.4
7832.111563478885, ,0.4
8092.364641409316, ,0.4
8092.364641409316, ,0.4
8200.251282503223, ,0.4
8244.65425560699, ,0.4
8101.930084247862, ,0.4
7904.5225342542, ,0.4
7895.212142576634, ,0.4
8101.930084247862, ,0.4
8200.251282503223, ,0.4
9351.88614556373, ,0.4
12019.547158084179, ,0.4
12504.660612076405, ,0.4
12686.774823278944, ,0.4
12731.92348813047, ,0.4
12971.119480752403, ,0.4
12600.027211641636, ,0.4
14342.929051055846, ,0.4
15419.32228517491, ,0.4
17712.706986279765, ,0.4
21248.100190636105, ,0.4
25159.306671335937, ,0.4
26045.23456125866, ,0.4
26132.432865710547, ,0.4
32006.947385285926, ,0.4
28996.46739550575, ,0.4
21781.758382267908, ,0.4
13966.07918123881, ,0.4
12778.037557476862, ,0.4
12434.837539928445, ,0.4
12746.973043080978, ,0.4
12491.88551938675, ,0.4
9752.222232529664, ,0.4
10665.604997124226, ,0.4
12496.017553054971, ,0.4
12633.238662717888, ,0.4
12491.88551938675, ,0.4
16414.23230702153, ,0.4
24273.233330550323, ,0.4
31828.625139536973, ,0.4
1853.3144088734693, ,0.4
3317.288611154918, ,0.4
4744.571296820258, ,0.4
39748.11938180098, ,0.4
13522.013599636353, ,0.4
19028.468295731793, ,0.4
18922.874042181138, ,0.4
18438.88988097999, ,0.4
12909.468800925197, ,0.4
16783.468029026782, ,0.4
15881.64655942806, ,0.4
12507.217269497296, ,0.4
12698.64699388666, ,0.4
12600.027211641636, ,0.4
12250.13799085318, ,0.4
12130.42322413116, ,0.4
12343.995281640491, ,0.4
12663.210759189342, ,0.4
12329.455829011938, ,0.4
12314.916376383388, ,0.4
12073.539645119996, ,0.4
12594.192788296521, ,0.4
12253.550964621776, ,0.4
16288.464428509144, ,0.4
16846.31150835985, ,0.4
17409.177667282023, ,0.4
12443.282908692574, ,0.4
12341.72286798334, ,0.4
12565.54050476049, ,0.4
11898.89874022468, ,0.4
11924.947760605583, ,0.4
12059.318750367205, ,0.4
12138.76360195553, ,0.4
12285.837471126284, ,0.4
12098.888043034594, ,0.4
20934.82976103231, ,0.4
24557.31525459892, ,0.4
29149.045350674573, ,0.4
28089.978694521495, ,0.4
24495.807977030905, ,0.4
19586.810625527614, ,0.4
25390.83064309149, ,0.4
29961.958443880627, ,0.4
37350.93961334731, ,0.4
34653.95796033285, ,0.4
36031.39248425281, ,0.4
20223.393227934605, ,0.4
19023.743703442582, ,0.4
19994.111965082517, ,0.4
19529.64843641289, ,0.4
21892.462877754795, ,0.4
28831.167611343546, ,0.4
7849.050443194154, ,0.4
5998.411510756329, ,0.4
5740.623927382024, ,0.4
5579.064893580836, ,0.4
11275.897868215257, ,0.4
13974.019569190239, ,0.4
14210.6932185033, ,0.4
13633.123718656363, ,0.4
17476.176739225888, ,0.4
13998.813819803272, ,0.4
13897.270680074585, ,0.4
13496.91820427903, ,0.4
14460.807756709371, ,0.4
14656.970779953679, ,0.4
13256.827996140895, ,0.4
21403.50931612197, ,0.4
19869.65724154352, ,0.4
15393.537022520726, ,0.4
23544.776485740174, ,0.4
31469.259590171034, ,0.4
36119.945940054, ,0.4
38861.978949244105, ,0.4
37808.72264534264, ,0.4
39617.09683479133, ,0.4
39214.78435740327, ,0.4
38598.216613171055, ,0.4
40255.09348590406, ,0.4
38631.088508183595, ,0.4
43074.363464041984, ,0.4
2663.6114351512565, ,0.4
742.9491795535436, ,0.4
324.1510760194316, ,0.4
63.03912098666939, ,0.4
415.17361143321864, ,0.4
32354.190834392426, ,0.4
29654.328844572054, ,0.4
25552.04397501786, ,0.4
25688.180861171157, ,0.4
27794.66632497503, ,0.4
32132.775185456616, ,0.4
33181.00370372089, ,0.4
37301.506293851715, ,0.4
38357.67980942574, ,0.4
38365.62019737717, ,0.4
42436.56450318654, ,0.4
41527.05052668442, ,0.4
41888.7422655547, ,0.4
3066.4294055029363, ,0.4
3086.3556615675766, ,0.4
3010.0134202868976, ,0.4
1588.5057484592955, ,0.4
35088.44273456899, ,0.4
24176.294939794243, ,0.4
23922.938486228744, ,0.4
29648.775592085127, ,0.4
30534.032564295238, ,0.4
29537.907720452957, ,0.4
28491.863525886623, ,0.4
29091.518510100774, ,0.4
30534.032564295238, ,0.4
30677.946974405597, ,0.4
35335.56221416181, ,0.4
35995.872768954614, ,0.4
36655.24762400624, ,0.4
33797.479772937404, ,0.4
31416.925447832502, ,0.4
31707.87634009605, ,0.4
34118.59891547693, ,0.4
38038.934486426646, ,0.4
30864.052377771797, ,0.4
36411.802315154106, ,0.4
37578.451394751246, ,0.4
37292.79716736088, ,0.4
34708.61265851554, ,0.4
13818.910051995881, ,0.4
18915.654250582113, ,0.4
16851.967703182836, ,0.4
14084.78859569376, ,0.4
21155.9975289201, ,0.4
21504.286278065872, ,0.4
26197.458107986928, ,0.4
31427.64220595193, ,0.4
34318.393600935095, ,0.4
39764.79091873305, ,0.4
885.4392979396458, ,0.4
145.11079467270272, ,0.4
993.8135067147819, ,0.4
43538.30255016374, ,0.4
43839.78531406255, ,0.4
43571.38698781042, ,0.4
42944.60541766778, ,0.4
15692.061090522, ,0.4
13154.780387750432, ,0.4
11803.413833795623, ,0.4
10724.179186340993, ,0.4
11410.034292852924, ,0.4
13840.705658939181, ,0.4
14678.100590693619, ,0.4
15087.867424804646, ,0.4
14380.991083549015, ,0.4
16318.512835468518, ,0.4
17260.86080781469, ,0.4
16778.322448676678, ,0.4
17330.415000726673, ,0.4
18863.8573545646, ,0.4
19748.84186248226, ,0.4
19782.906557000657, ,0.4
15441.813393075257, ,0.4
8668.717782807807, ,0.4
8226.280841148951, ,0.4
8204.301372023341, ,0.4
8219.637219341294, ,0.4
8352.413371120409, ,0.4
8057.641832951442, ,0.4
10457.85558348872, ,0.4
10375.22156808631, ,0.4
16212.076093645153, ,0.4
35179.56001790403, ,0.4
35119.20815282429, ,0.4
32473.85131311632, ,0.4
30530.757871276568, ,0.4
31189.812119848728, ,0.4
30673.671538478193, ,0.4
30548.99607789023, ,0.4
30530.757871276568, ,0.4
30618.76639849285, ,0.4
30813.687455742427, ,0.4
30512.5196646629, ,0.4
30530.757871276568, ,0.4
30121.785383251234, ,0.4
30317.280049537556, ,0.4
30512.5196646629, ,0.4
30103.802227798544, ,0.4
30210.112468343275, ,0.4
29908.18003593174, ,0.4
30512.5196646629, ,0.4
16070.07507939306, ,0.4
16911.633286022185, ,0.4
18612.575112248025, ,0.4
20222.476477777676, ,0.4
20392.934133912204, ,0.4
20354.98170171712, ,0.4
0.0, ,0.4
9697.341675788752, ,0.4
9938.604709546647, ,0.4
11382.99784548735, ,0.4
13310.757488612857, ,0.4
14051.628871861, ,0.4
14321.360839123538, ,0.4
14713.120958839301, ,0.4
14554.225109851544, ,0.4
16047.988058573059, ,0.4
15855.571931500876, ,0.4
15630.448309863294, ,0.4
15460.256460059187, ,0.4
15460.256460059187, ,0.4
15630.448309863294, ,0.4
15271.581595498948, ,0.4
16741.96024510577, ,0.4
20359.987464864516, ,0.4
6366.219868131767, ,0.4
7408.721514745309, ,0.4
7778.813553098263, ,0.4
7588.642695684172, ,0.4
7525.797679898328, ,0.4
7471.445662912697, ,0.4
7714.978037422193, ,0.4
7714.978037422193, ,0.4
7616.083230130091, ,0.4
7462.645373557088, ,0.4
7516.933371677012, ,0.4
7508.069063455693, ,0.4
7714.978037422193, ,0.4
7363.176445077322, ,0.4
7408.791679422125, ,0.4
7813.617793553315, ,0.4
7759.521852030515, ,0.4
7516.933371677012, ,0.4
7660.818077033684, ,0.4
7660.818077033684, ,0.4
7363.176445077322, ,0.4
7516.933371677012, ,0.4
7616.083230130091, ,0.4
7813.617793553315, ,0.4
7759.521852030515, ,0.4
7561.859250875875, ,0.4
7462.645373557088, ,0.4
7516.933371677012, ,0.4
7876.5913592215, ,0.4
7768.704718127593, ,0.4
7867.280967543933, ,0.4
7516.933371677012, ,0.4
7371.849208852444, ,0.4
7669.873417550272, ,0.4
7561.859250875875, ,0.4
7822.8646785161, ,0.4
7813.617793553315, ,0.4
7669.873417550272, ,0.4
7471.445662912697, ,0.4
7822.8646785161, ,0.4
7822.8646785161, ,0.4
7822.8646785161, ,0.4
7921.376909066734, ,0.4
7426.26524470378, ,0.4
7678.92875806686, ,0.4
7625.075063931897, ,0.4
7921.376909066734, ,0.4
7921.376909066734, ,0.4
7921.376909066734, ,0.4
7570.787065811975, ,0.4
7570.787065811975, ,0.4
7669.873417550272, ,0.4
7714.978037422193, ,0.4
7965.602165799296, ,0.4
7921.376909066734, ,0.4
7471.445662912697, ,0.4
7516.933371677012, ,0.4
8430.136371296667, ,0.4
12332.573803847357, ,0.4
12498.364228596345, ,0.4
12364.262630221621, ,0.4
15974.011954568927, ,0.4
17688.4310324035, ,0.4
19075.52728353603, ,0.4
14229.558810000897, ,0.4
23929.415146834635, ,0.4
25003.323936813333, ,0.4
25041.47610786942, ,0.4
24472.878980089117, ,0.4
24930.60874838818, ,0.4
24724.866966381254, ,0.4
25473.495899700363, ,0.4
18693.89699697889, ,0.4
17890.50478948085, ,0.4
16460.33869410404, ,0.4
17011.113481822314, ,0.4
18707.865913476257, ,0.4
20822.979583924727, ,0.4
22203.954095042845, ,0.4
22604.61181279009, ,0.4
27908.95792554524, ,0.4
30615.85891768788, ,0.4
32606.0359305763, ,0.4
1578.9264775457575, ,0.4
609.5850785117707, ,0.4
4513.866766545761, ,0.4
4460.54366076978, ,0.4
4698.877191232904, ,0.4
4654.208923949646, ,0.4
4899.532802397098, ,0.4
9608.443030263676, ,0.4
9721.70367102053, ,0.4
9789.585691160239, ,0.4
17655.040840654194, ,0.4
12341.453476596442, ,0.4
17479.36897594553, ,0.4
18810.638727577454, ,0.4
19337.364444279527, ,0.4
19483.47905476652, ,0.4
18559.829200565262, ,0.4
13055.503515867787, ,0.4
12454.428849287706, ,0.4
10615.541219839142, ,0.4
10456.369321502454, ,0.4
14818.12009301434, ,0.4
16473.92042450161, ,0.4
17752.722362403405, ,0.4
27801.861021178698, ,0.4
29966.384964331108, ,0.4
35370.44583801034, ,0.4
37784.39445207195, ,0.4
8362.458699376297, ,0.4
11000.886137060092, ,0.4
11499.573127035075, ,0.4
10904.783064463762, ,0.4
170.42846353176188, ,0.4
30413.894760908624, ,0.4
23264.50291597478, ,0.4
33129.39220633846, ,0.4
38436.56334359955, ,0.4
40880.798514800976, ,0.4
44729.98146979971, ,0.4
2188.90898517584, ,0.4
45016.20264826479, ,0.4
3775.463950759298, ,0.4
48168.546395848985, ,0.4
1956.1599484061092, ,0.4
3066.0857522318183, ,0.4
7296.003753969654, ,0.4
5852.396257548912, ,0.4
46521.109488977745, ,0.4
16998.149917592018, ,0.4
26020.180137975396, ,0.4
26312.489766644714, ,0.4
24090.511708349957, ,0.4
24534.639772365343, ,0.4
24674.0252318401, ,0.4
24651.45064333887, ,0.4
26346.650745537136, ,0.4
34975.165704982515, ,0.4
34461.45323115053, ,0.4
34961.14096403425, ,0.4
35255.6666697589, ,0.4
35049.34154784766, ,0.4
33987.54154220433, ,0.4
39000.56391682205, ,0.4
467.1185190682487, ,0.4
44017.96876691065, ,0.4
1084.7633166971252, ,0.4
1351.0725793234815, ,0.4
3975.2089575776695, ,0.4
33567.13374831087, ,0.4
11018.768398780425, ,0.4
11382.029880237857, ,0.4
11557.05643478019, ,0.4
14265.841630178329, ,0.4
14783.31994976669, ,0.4
19991.263381634, ,0.4
22141.647349879866, ,0.4
26758.23878833981, ,0.4
28779.932032740555, ,0.4
28611.732450037263, ,0.4
29190.20538411706, ,0.4
29225.193998905354, ,0.4
29162.841672309994, ,0.4
27045.692714082954, ,0.4
29055.123016719703, ,0.4
27068.610443704372, ,0.4
25731.896527732682, ,0.4
25734.982237059783, ,0.4
14829.589712994486, ,0.4
14716.072484623877, ,0.4
14642.753470257365, ,0.4
14996.808526675139, ,0.4
14890.089589691737, ,0.4
19848.357908847185, ,0.4
25694.729735057565, ,0.4
28738.08674135953, ,0.4
30115.858260588575, ,0.4
28893.52301084446, ,0.4
16058.957819249763, ,0.4
16178.161459347972, ,0.4
15936.062595279398, ,0.4
15914.796040242309, ,0.4
15844.27797928823, ,0.4
14182.355395635626, ,0.4
12066.488863326438, ,0.4
12307.785699045431, ,0.4
12575.328221100774, ,0.4
11558.957026865313, ,0.4
9135.413777362388, ,0.4
8006.936842707435, ,0.4
7688.017900544542, ,0.4
7968.248961783105, ,0.4
7796.253316418824, ,0.4
8146.524601797824, ,0.4
8092.364641409316, ,0.4
7885.901750899066, ,0.4
7525.797679898328, ,0.4
7777.887584224669, ,0.4
7625.075063931897, ,0.4
7930.751319610009, ,0.4
7975.040083057352, ,0.4
7930.751319610009, ,0.4
7733.216756186784, ,0.4
7733.216756186784, ,0.4
7733.216756186784, ,0.4
7876.5913592215, ,0.4
7975.040083057352, ,0.4
9939.866137276547, ,0.4
7458.576846603648, ,0.4
8152.661194189077, ,0.4
7615.426140492469, ,0.4
7895.212142576634, ,0.4
7724.097396804487, ,0.4
7625.075063931897, ,0.4
7417.528462062952, ,0.4
7462.645373557088, ,0.4
7561.859250875875, ,0.4
7607.091396328284, ,0.4
7705.858678039896, ,0.4
7561.859250875875, ,0.4
7462.645373557088, ,0.4
7660.818077033684, ,0.4
7616.083230130091, ,0.4
7714.978037422193, ,0.4
7660.818077033684, ,0.4
7561.859250875875, ,0.4
7508.069063455693, ,0.4
7616.083230130091, ,0.4
7561.859250875875, ,0.4
7714.978037422193, ,0.4
7705.858678039896, ,0.4
7462.645373557088, ,0.4
7462.645373557088, ,0.4
7616.083230130091, ,0.4
7508.069063455693, ,0.4
7705.858678039896, ,0.4
7705.858678039896, ,0.4
7660.818077033684, ,0.4
7462.645373557088, ,0.4
7669.873417550272, ,0.4
7616.083230130091, ,0.4
7759.521852030515, ,0.4
7660.818077033684, ,0.4
7363.176445077322, ,0.4
7561.859250875875, ,0.4
7561.859250875875, ,0.4
7813.617793553315, ,0.4
7768.704718127593, ,0.4
7912.0024985234595, ,0.4
7462.645373557088, ,0.4
7616.083230130091, ,0.4
7822.8646785161, ,0.4
7724.097396804487, ,0.4
7822.8646785161, ,0.4
7714.978037422193, ,0.4
7417.528462062952, ,0.4
7462.645373557088, ,0.4
7561.859250875875, ,0.4
7453.845084201478, ,0.4
7309.259244227576, ,0.4
7570.787065811975, ,0.4
7616.083230130091, ,0.4
7660.818077033684, ,0.4
7759.521852030515, ,0.4
7462.645373557088, ,0.4
7516.933371677012, ,0.4
7508.069063455693, ,0.4
7453.845084201478, ,0.4
7453.845084201478, ,0.4
7354.5036813022025, ,0.4
7660.818077033684, ,0.4
7705.858678039896, ,0.4
7462.645373557088, ,0.4
7508.069063455693, ,0.4
7759.521852030515, ,0.4
7561.859250875875, ,0.4
7363.176445077322, ,0.4
7714.978037422193, ,0.4
7813.617793553315, ,0.4
7561.859250875875, ,0.4
7417.528462062952, ,0.4
7660.818077033684, ,0.4
7516.933371677012, ,0.4
7813.617793553315, ,0.4
7813.617793553315, ,0.4
7669.873417550272, ,0.4
7309.259244227576, ,0.4
7768.704718127593, ,0.4
7561.859250875875, ,0.4
7616.083230130091, ,0.4
7462.645373557088, ,0.4
7660.818077033684, ,0.4
7714.978037422193, ,0.4
7714.978037422193, ,0.4
7462.645373557088, ,0.4
7607.091396328284, ,0.4
7607.091396328284, ,0.4
7804.37090859053, ,0.4
7462.645373557088, ,0.4
7462.645373557088, ,0.4
7616.083230130091, ,0.4
7669.873417550272, ,0.4
7813.617793553315, ,0.4
7561.859250875875, ,0.4
7462.645373557088, ,0.4
7462.645373557088, ,0.4
7660.818077033684, ,0.4
7607.091396328284, ,0.4
7408.791679422125, ,0.4
7508.069063455693, ,0.4
7462.645373557088, ,0.4
7759.521852030515, ,0.4
7561.859250875875, ,0.4
7813.617793553315, ,0.4
7616.083230130091, ,0.4
7616.083230130091, ,0.4
7660.818077033684, ,0.4
7317.868501287915, ,0.4
7516.933371677012, ,0.4
7813.617793553315, ,0.4
7669.873417550272, ,0.4
7462.645373557088, ,0.4
7516.933371677012, ,0.4
7616.083230130091, ,0.4
7616.083230130091, ,0.4
7867.280967543933, ,0.4
7561.859250875875, ,0.4
7363.176445077322, ,0.4
7516.933371677012, ,0.4
7561.859250875875, ,0.4
7759.521852030515, ,0.4
7714.978037422193, ,0.4
7616.083230130091, ,0.4
7263.452465436577, ,0.4
7408.791679422125, ,0.4
7616.083230130091, ,0.4
7714.978037422193, ,0.4
7462.645373557088, ,0.4
7408.791679422125, ,0.4
7759.521852030515, ,0.4
7813.617793553315, ,0.4
7561.859250875875, ,0.4
7669.873417550272, ,0.4
7669.873417550272, ,0.4
7363.176445077322, ,0.4
7516.933371677012, ,0.4
7462.645373557088, ,0.4
7660.818077033684, ,0.4
7660.818077033684, ,0.4
7508.069063455693, ,0.4
7462.645373557088, ,0.4
7462.645373557088, ,0.4
7660.818077033684, ,0.4
7813.617793553315, ,0.4
7660.818077033684, ,0.4
7508.069063455693, ,0.4
7616.083230130091, ,0.4
7616.083230130091, ,0.4
7616.083230130091, ,0.4
7867.280967543933, ,0.4
7660.818077033684, ,0.4
7363.176445077322, ,0.4
7408.791679422125, ,0.4
7508.069063455693, ,0.4
7867.280967543933, ,0.4
7759.521852030515, ,0.4
7759.521852030515, ,0.4
7417.528462062952, ,0.4
7516.933371677012, ,0.4
7508.069063455693, ,0.4
7508.069063455693, ,0.4
7759.521852030515, ,0.4
7660.818077033684, ,0.4
7462.645373557088, ,0.4
7417.528462062952, ,0.4
7724.097396804487, ,0.4
7616.083230130091, ,0.4
7813.617793553315, ,0.4
7714.978037422193, ,0.4
7417.528462062952, ,0.4
7516.933371677012, ,0.4
7462.645373557088, ,0.4
7660.818077033684, ,0.4
7759.521852030515, ,0.4
7714.978037422193, ,0.4
7516.933371677012, ,0.4
7516.933371677012, ,0.4
7616.083230130091, ,0.4
7813.617793553315, ,0.4
7921.376909066734, ,0.4
7669.873417550272, ,0.4
7471.445662912697, ,0.4
7516.933371677012, ,0.4
7570.787065811975, ,0.4
7857.970575866365, ,0.4
7867.280967543933, ,0.4
7616.083230130091, ,0.4
7462.645373557088, ,0.4
7616.083230130091, ,0.4
7669.873417550272, ,0.4
7768.704718127593, ,0.4
7714.978037422193, ,0.4
7417.528462062952, ,0.4
7570.787065811975, ,0.4
7516.933371677012, ,0.4
7669.873417550272, ,0.4
7921.376909066734, ,0.4
7616.083230130091, ,0.4
7462.645373557088, ,0.4
7462.645373557088, ,0.4
7616.083230130091, ,0.4
7561.859250875875, ,0.4
7714.978037422193, ,0.4
7616.083230130091, ,0.4
7417.528462062952, ,0.4
7516.933371677012, ,0.4
7516.933371677012, ,0.4
7714.978037422193, ,0.4
7714.978037422193, ,0.4
7714.978037422193, ,0.4
7363.176445077322, ,0.4
7616.083230130091, ,0.4
7867.280967543933, ,0.4
7616.083230130091, ,0.4
7462.645373557088, ,0.4
7561.859250875875, ,0.4
7363.176445077322, ,0.4
7768.704718127593, ,0.4
7408.791679422125, ,0.4
7417.528462062952, ,0.4
7759.521852030515, ,0.4
7759.521852030515, ,0.4
7669.873417550272, ,0.4
7714.978037422193, ,0.4
7822.8646785161, ,0.4
7516.933371677012, ,0.4
7616.083230130091, ,0.4
7768.704718127593, ,0.4
7714.978037422193, ,0.4
7516.933371677012, ,0.4
7660.818077033684, ,0.4
7759.521852030515, ,0.4
7660.818077033684, ,0.4
7724.097396804487, ,0.4
7471.445662912697, ,0.4
7669.873417550272, ,0.4
7714.978037422193, ,0.4
8019.634088456389, ,0.4
7669.873417550272, ,0.4
7570.787065811975, ,0.4
7669.873417550272, ,0.4
7525.797679898328, ,0.4
7714.978037422193, ,0.4
7570.787065811975, ,0.4
7669.873417550272, ,0.4
7867.280967543933, ,0.4
7516.933371677012, ,0.4
7570.787065811975, ,0.4
7768.704718127593, ,0.4
7724.097396804487, ,0.4
7813.617793553315, ,0.4
7462.645373557088, ,0.4
7516.933371677012, ,0.4
7616.083230130091, ,0.4
7768.704718127593, ,0.4
7822.8646785161, ,0.4
7625.075063931897, ,0.4
7625.075063931897, ,0.4
7912.0024985234595, ,0.4
7616.083230130091, ,0.4
7669.873417550272, ,0.4
7625.075063931897, ,0.4
7822.8646785161, ,0.4
7768.704718127593, ,0.4
7516.933371677012, ,0.4
7876.5913592215, ,0.4
7768.704718127593, ,0.4
7516.933371677012, ,0.4
7724.097396804487, ,0.4
7724.097396804487, ,0.4
7669.873417550272, ,0.4
7570.787065811975, ,0.4
7822.8646785161, ,0.4
7822.8646785161, ,0.4
7525.797679898328, ,0.4
7570.787065811975, ,0.4
7616.083230130091, ,0.4
7822.8646785161, ,0.4
7921.376909066734, ,0.4
7867.280967543933, ,0.4
7570.787065811975, ,0.4
7669.873417550272, ,0.4
7669.873417550272, ,0.4
7724.097396804487, ,0.4
7921.376909066734, ,0.4
7965.602165799296, ,0.4
7570.787065811975, ,0.4
7669.873417550272, ,0.4
7516.933371677012, ,0.4
7822.8646785161, ,0.4
7625.075063931897, ,0.4
7724.097396804487, ,0.4
7867.280967543933, ,0.4
7867.280967543933, ,0.4
7570.787065811975, ,0.4
7669.873417550272, ,0.4
7724.097396804487, ,0.4
7570.787065811975, ,0.4
7625.075063931897, ,0.4
7525.797679898328, ,0.4
7876.5913592215, ,0.4
7867.280967543933, ,0.4
7768.704718127593, ,0.4
7417.528462062952, ,0.4
7516.933371677012, ,0.4
7561.859250875875, ,0.4
7813.617793553315, ,0.4
7921.376909066734, ,0.4
7616.083230130091, ,0.4
7669.873417550272, ,0.4
7516.933371677012, ,0.4
7516.933371677012, ,0.4
7759.521852030515, ,0.4
7965.602165799296, ,0.4
7822.8646785161, ,0.4
7435.002027344609, ,0.4
7787.070450321747, ,0.4
7678.92875806686, ,0.4
8029.136024580152, ,0.4
7975.040083057352, ,0.4
7525.797679898328, ,0.4
7724.097396804487, ,0.4
7625.075063931897, ,0.4
8891.943885265824, ,0.4
11976.31137693999, ,0.4
12198.600755354973, ,0.4
12310.726469660565, ,0.4
12540.593121020685, ,0.4
12701.824378229452, ,0.4
12570.31016633116, ,0.4
12570.31016633116, ,0.4
12343.995281640491, ,0.4
12491.88551938675, ,0.4
12638.95887640658, ,0.4
12731.92348813047, ,0.4
12716.87393317996, ,0.4
12530.944709732183, ,0.4
12329.455829011938, ,0.4
13787.487031952034, ,0.4
16520.499526888503, ,0.4
16386.351834930472, ,0.4
16254.09910139738, ,0.4
15809.0450685084, ,0.4
13877.421246648793, ,0.4
12437.493042477992, ,0.4
12187.306803142326, ,0.4
12560.533717311242, ,0.4
12530.944709732183, ,0.4
12422.930543057784, ,0.4
12127.45684596974, ,0.4
12221.314136757053, ,0.4
12477.154522312001, ,0.4
12408.263564848743, ,0.4
12648.224710953615, ,0.4
12369.140355637603, ,0.4
12329.455829011938, ,0.4
12275.602134876975, ,0.4
12329.455829011938, ,0.4
12648.224710953615, ,0.4
12609.114817666541, ,0.4
12462.423525237251, ,0.4
12329.455829011938, ,0.4
12477.154522312001, ,0.4
12383.743827131862, ,0.4
12516.150205942651, ,0.4
12740.742727070327, ,0.4
18301.093113676634, ,0.4
18339.29906057992, ,0.4
18993.361886230603, ,0.4
13273.707466348786, ,0.4
12822.905051470203, ,0.4
12743.413081996718, ,0.4
12427.55424161464, ,0.4
12452.264499475867, ,0.4
12383.743827131862, ,0.4
12235.726063805118, ,0.4
12663.210759189342, ,0.4
12516.150205942651, ,0.4
12422.930543057784, ,0.4
12369.140355637603, ,0.4
12369.140355637603, ,0.4
12609.114817666541, ,0.4
12570.31016633116, ,0.4
17814.973283115487, ,0.4
18886.36792420012, ,0.4
18644.49082148236, ,0.4
18392.390674137503, ,0.4
18707.865913476257, ,0.4
18985.228929531124, ,0.4
15884.240091715601, ,0.4
15975.068009777639, ,0.4
17868.57295039132, ,0.4
18331.38581662755, ,0.4
17932.086835286078, ,0.4
17899.404436116034, ,0.4
17291.23955212112, ,0.4
12711.319656391182, ,0.4
12533.008165811663, ,0.4
12282.247805288336, ,0.4
12412.950770120382, ,0.4
12530.944709732183, ,0.4
12609.114817666541, ,0.4
12181.808862955371, ,0.4
12422.930543057784, ,0.4
12181.808862955371, ,0.4
12314.916376383388, ,0.4
12221.314136757053, ,0.4
12167.460442622092, ,0.4
12501.355702153121, ,0.4
12167.460442622092, ,0.4
12275.602134876975, ,0.4
12477.154522312001, ,0.4
12462.423525237251, ,0.4
12663.210759189342, ,0.4
12422.930543057784, ,0.4
12329.455829011938, ,0.4
12221.314136757053, ,0.4
12033.344504021448, ,0.4
12555.451643675922, ,0.4
12408.263564848743, ,0.4
12221.314136757053, ,0.4
12221.314136757053, ,0.4
12300.376923754835, ,0.4
12633.238662717888, ,0.4
12314.916376383388, ,0.4
12422.930543057784, ,0.4
12477.154522312001, ,0.4
12329.455829011938, ,0.4
12422.930543057784, ,0.4
12570.31016633116, ,0.4
12663.210759189342, ,0.4
12570.31016633116, ,0.4
12275.602134876975, ,0.4
12329.455829011938, ,0.4
12275.602134876975, ,0.4
12462.423525237251, ,0.4
12701.824378229452, ,0.4
12329.455829011938, ,0.4
12329.455829011938, ,0.4
12477.154522312001, ,0.4
12329.455829011938, ,0.4
13519.014443815691, ,0.4
13008.915194764233, ,0.4
15266.317708285018, ,0.4
16818.970843344436, ,0.4
13067.466337189346, ,0.4
4669.064885850255, ,0.4
2779.9946601018582, ,0.4
2150.1657919515387, ,0.4
11353.129203502882, ,0.4
19784.364650686013, ,0.4
20039.388155514534, ,0.4
19305.24643542956, ,0.4
18939.44622183363, ,0.4
18926.967664529933, ,0.4
18967.768168022612, ,0.4
13439.252570804383, ,0.4
12429.062013939783, ,0.4
17697.810052305103, ,0.4
18485.945795878673, ,0.4
18234.05511826241, ,0.4
18374.876648932717, ,0.4
17413.29536072432, ,0.4
17707.341693182556, ,0.4
12373.109525311465, ,0.4
12639.195490134234, ,0.4
13385.76711318497, ,0.4
14248.878679369554, ,0.4
14637.437855799948, ,0.4
12970.175586596411, ,0.4
13997.503737735437, ,0.4
12373.978133281385, ,0.4
12678.889747627485, ,0.4
12575.328221100774, ,0.4
13877.773094334725, ,0.4
16321.661027208549, ,0.4
12632.00284253427, ,0.4
17593.34611584738, ,0.4
16234.840690139801, ,0.4
12888.001482725249, ,0.4
14458.543025316105, ,0.4
15902.194054565529, ,0.4
17656.860000742137, ,0.4
18179.167903559468, ,0.4
16270.969352888607, ,0.4
12247.622817657264, ,0.4
20589.427494503558, ,0.4
26687.974754244864, ,0.4
26368.301413768473, ,0.4
30038.0451218494, ,0.4
17541.091356902325, ,0.4
16591.11796942401, ,0.4
16049.805170057298, ,0.4
16419.888501844518, ,0.4
16381.116628168378, ,0.4
16415.762613987405, ,0.4
12261.231179902967, ,0.4
15463.946507478564, ,0.4
16441.52687845364, ,0.4
19040.463382561666, ,0.4
23924.260347767875, ,0.4
22441.90863382098, ,0.4
27934.86661657251, ,0.4
29135.26234496322, ,0.4
28253.650863041956, ,0.4
16162.632018980119, ,0.4
18264.49429637807, ,0.4
16710.677554415553, ,0.4
11928.389414826017, ,0.4
16357.412746876073, ,0.4
12708.478755206546, ,0.4
11845.897265230018, ,0.4
11763.25147035632, ,0.4
12794.27888763138, ,0.4
15157.272581797268, ,0.4
12132.442635231037, ,0.4
12398.347298626122, ,0.4
12221.314136757053, ,0.4
11979.36379645692, ,0.4
9718.360349777824, ,0.4
11976.717000473112, ,0.4
20841.654143127053, ,0.4
21277.218019363558, ,0.4
21668.64063161931, ,0.4
21553.98694034466, ,0.4
21496.98812737522, ,0.4
22871.99249515293, ,0.4
25560.298311486717, ,0.4
1479.196352093905, ,0.4
3627.3560488696353, ,0.4
4660.138607366934, ,0.4
6471.986204393444, ,0.4
5789.412448862214, ,0.4
39095.716949451285, ,0.4
4247.488875695366, ,0.4
3244.2430853827104, ,0.4
42426.71942594259, ,0.4
14116.857438054863, ,0.4
21174.59628978543, ,0.4
19745.421718600704, ,0.4
18504.91432971233, ,0.4
16859.631529634407, ,0.4
13052.848013318246, ,0.4
17784.51515541558, ,0.4
27291.879566840144, ,0.4
27443.553575625174, ,0.4
31501.261340760877, ,0.4
34154.00749402426, ,0.4
33719.06178395503, ,0.4
34046.69343766524, ,0.4
33907.19274423222, ,0.4
1632.3048956217087, ,0.4
3467.767771830385, ,0.4
3596.4579835245886, ,0.4
1804.2713483832265, ,0.4
2579.343146145069, ,0.4
38120.4996428472, ,0.4
12755.001008840694, ,0.4
20530.90861758676, ,0.4
20672.355484537293, ,0.4
21237.458206551823, ,0.4
21234.427297373768, ,0.4
21035.947815492702, ,0.4
21367.248006283415, ,0.4
19416.709426437348, ,0.4
19991.263381634, ,0.4
13645.819427952541, ,0.4
18521.13005232057, ,0.4
16882.310596924468, ,0.4
12608.548890893686, ,0.4
12339.64148662146, ,0.4
12144.644118883953, ,0.4
12398.347298626122, ,0.4
12408.263564848743, ,0.4
12609.114817666541, ,0.4
20787.887002498526, ,0.4
19808.136135900506, ,0.4
22962.53668160215, ,0.4
20642.939071820183, ,0.4
20882.689723894608, ,0.4
20163.970916784947, ,0.4
19536.54762153245, ,0.4
19102.45054554703, ,0.4
19930.565814679445, ,0.4
19070.353534885013, ,0.4
13780.082353868846, ,0.4
15920.7697686392, ,0.4
18030.41622795625, ,0.4
18438.88988097999, ,0.4
12495.140750670244, ,0.4
12445.771450040354, ,0.4
12560.533717311242, ,0.4
12477.154522312001, ,0.4
12181.808862955371, ,0.4
12329.455829011938, ,0.4
12755.856300886544, ,0.4
12329.455829011938, ,0.4
12383.743827131862, ,0.4
12329.455829011938, ,0.4
12624.036847036561, ,0.4
12716.87393317996, ,0.4
12516.150205942651, ,0.4
12383.743827131862, ,0.4
12383.743827131862, ,0.4
12290.078080790745, ,0.4
12570.31016633116, ,0.4
12422.930543057784, ,0.4
12501.355702153121, ,0.4
12221.314136757053, ,0.4
12422.930543057784, ,0.4
12329.455829011938, ,0.4
12275.602134876975, ,0.4
12701.824378229452, ,0.4
12369.140355637603, ,0.4
12422.930543057784, ,0.4
12555.451643675922, ,0.4
12329.455829011938, ,0.4
12516.150205942651, ,0.4
12663.210759189342, ,0.4
12181.808862955371, ,0.4
12516.150205942651, ,0.4
12235.726063805118, ,0.4
12329.455829011938, ,0.4
12314.916376383388, ,0.4
17370.486713452137, ,0.4
14721.39168413778, ,0.4
19747.6710854662, ,0.4
19465.344814790762, ,0.4
19843.22103506282, ,0.4
21029.708792916317, ,0.4
20857.947200525065, ,0.4
20024.688911797177, ,0.4
19396.30891861555, ,0.4
15259.701742627345, ,0.4
17196.26628446679, ,0.4
19321.88621900424, ,0.4
19956.30754450495, ,0.4
20734.234583677346, ,0.4
19815.44094455319, ,0.4
19467.676125804366, ,0.4
19815.44094455319, ,0.4
15423.450733786654, ,0.4
17987.510784159116, ,0.4
12945.19081583903, ,0.4
12818.023228846816, ,0.4
12510.932412312031, ,0.4
12560.533717311242, ,0.4
12196.157283288652, ,0.4
12437.597521266827, ,0.4
12329.455829011938, ,0.4
12477.154522312001, ,0.4
12663.210759189342, ,0.4
12422.930543057784, ,0.4
12329.455829011938, ,0.4
12383.743827131862, ,0.4
12383.743827131862, ,0.4
12422.930543057784, ,0.4
12516.150205942651, ,0.4
12516.150205942651, ,0.4
12221.314136757053, ,0.4
12369.140355637603, ,0.4
12329.455829011938, ,0.4
12701.824378229452, ,0.4
13070.112108871306, ,0.4
25088.10744965073, ,0.4
11598.729131299264, ,0.4
12177.476066124289, ,0.4
1569.4475882136485, ,0.4
1892.6317232854349, ,0.4
11536.617003488038, ,0.4
12302.325145876046, ,0.4
12485.968127591677, ,0.4
12466.931477684908, ,0.4
12141.741247437314, ,0.4
12516.150205942651, ,0.4
12141.741247437314, ,0.4
12555.451643675922, ,0.4
12609.114817666541, ,0.4
12329.455829011938, ,0.4
12462.423525237251, ,0.4
12329.455829011938, ,0.4
12624.036847036561, ,0.4
12955.750855775208, ,0.4
12319.029972618286, ,0.4
12343.995281640491, ,0.4
12383.743827131862, ,0.4
12917.087558095309, ,0.4
13980.859856953348, ,0.4
25430.995567285423, ,0.4
14259.649213336179, ,0.4
12649.323786840077, ,0.4
12813.071241546613, ,0.4
13541.289936176332, ,0.4
12037.18256305834, ,0.4
12521.347513536246, ,0.4
12570.31016633116, ,0.4
12383.743827131862, ,0.4
1962.7544037249027, ,0.4
15042.397641322734, ,0.4
12458.05078063397, ,0.4
12460.310902668905, ,0.4
12333.505918532055, ,0.4
21152.454468816388, ,0.4
15097.02621980822, ,0.4
21306.084894137442, ,0.4
22685.535244100796, ,0.4
21954.935047666757, ,0.4
22551.195495545642, ,0.4
22308.300748938593, ,0.4
22117.364738041568, ,0.4
22523.81897996543, ,0.4
22604.63434743082, ,0.4
22766.4586754115, ,0.4
22604.63434743082, ,0.4
22523.339606699014, ,0.4
22577.129794119195, ,0.4
16657.719100098642, ,0.4
14049.766691095301, ,0.4
20602.753149438297, ,0.4
14097.32553820298, ,0.4
13022.875916846791, ,0.4
12489.389807926009, ,0.4
12536.078510610994, ,0.4
12477.154522312001, ,0.4
12585.168688986398, ,0.4
12329.455829011938, ,0.4
12570.31016633116, ,0.4
12530.944709732183, ,0.4
12369.140355637603, ,0.4
12369.140355637603, ,0.4
12570.31016633116, ,0.4
12609.114817666541, ,0.4
12530.944709732183, ,0.4
12491.88551938675, ,0.4
12638.95887640658, ,0.4
12809.45596816238, ,0.4
12477.154522312001, ,0.4
12101.981434625577, ,0.4
12369.140355637603, ,0.4
12917.087558095309, ,0.4
12663.210759189342, ,0.4
12290.078080790745, ,0.4
12530.944709732183, ,0.4
12141.741247437314, ,0.4
12462.423525237251, ,0.4
12329.455829011938, ,0.4
12383.743827131862, ,0.4
12585.168688986398, ,0.4
13498.598059315196, ,0.4
15245.327202596858, ,0.4
12365.433407237679, ,0.4
12373.074186897595, ,0.4
12304.554026704514, ,0.4
12585.168688986398, ,0.4
12570.31016633116, ,0.4
12369.140355637603, ,0.4
12422.930543057784, ,0.4
12624.036847036561, ,0.4
12422.930543057784, ,0.4
12422.930543057784, ,0.4
12624.036847036561, ,0.4
12477.154522312001, ,0.4
12678.196807425069, ,0.4
12755.856300886544, ,0.4
12290.078080790745, ,0.4
12329.455829011938, ,0.4
12383.743827131862, ,0.4
12422.930543057784, ,0.4
12663.210759189342, ,0.4
12609.114817666541, ,0.4
12422.930543057784, ,0.4
12329.455829011938, ,0.4
12530.944709732183, ,0.4
12570.31016633116, ,0.4
12716.87393317996, ,0.4
12516.150205942651, ,0.4
12383.743827131862, ,0.4
12755.856300886544, ,0.4
12369.140355637603, ,0.4
12383.743827131862, ,0.4
12678.196807425069, ,0.4
12663.210759189342, ,0.4
12422.930543057784, ,0.4
12585.168688986398, ,0.4
12477.154522312001, ,0.4
12570.31016633116, ,0.4
12422.930543057784, ,0.4
12422.930543057784, ,0.4
12530.944709732183, ,0.4
12491.88551938675, ,0.4
12755.856300886544, ,0.4
12624.036847036561, ,0.4
12516.150205942651, ,0.4
12383.743827131862, ,0.4
12530.944709732183, ,0.4
12329.455829011938, ,0.4
12570.31016633116, ,0.4
12663.210759189342, ,0.4
12383.743827131862, ,0.4
12530.944709732183, ,0.4
12383.743827131862, ,0.4
12530.944709732183, ,0.4
12570.31016633116, ,0.4
12609.114817666541, ,0.4
12462.423525237251, ,0.4
12329.455829011938, ,0.4
12329.455829011938, ,0.4
12329.455829011938, ,0.4
23676.112469116335, ,0.4
23076.291548002264, ,0.4
24362.781895600063, ,0.4
24130.929122950238, ,0.4
20336.882288004304, ,0.4
14485.658856075153, ,0.4
12552.788458862493, ,0.4
12783.099145075157, ,0.4
12130.42322413116, ,0.4
12398.347298626122, ,0.4
12329.455829011938, ,0.4
12731.92348813047, ,0.4
17870.156521053465, ,0.4
18319.710311975286, ,0.4
25638.383402367417, ,0.4
36501.14499553173, ,0.4
36010.74102247744, ,0.4
16754.58835047976, ,0.4
14181.540051361973, ,0.4
12591.16597632587, ,0.4
16459.72769804973, ,0.4
22905.749899115934, ,0.4
26873.798474601954, ,0.4
29630.922010816634, ,0.4
30489.049324192696, ,0.4
33783.550292061314, ,0.4
31796.982406746018, ,0.4
13476.680048300665, ,0.4
12748.830614488345, ,0.4
12160.756387005205, ,0.4
12358.534734269044, ,0.4
12196.157283288652, ,0.4
12422.930543057784, ,0.4
12516.150205942651, ,0.4
12422.930543057784, ,0.4
12275.602134876975, ,0.4
12275.602134876975, ,0.4
12422.930543057784, ,0.4
12198.878853307608, ,0.4
12525.59939052107, ,0.4
16008.550388693562, ,0.4
16104.524911407554, ,0.4
15734.561935087866, ,0.4
15645.296077349094, ,0.4
16839.81794677341, ,0.4
16913.745396439605, ,0.4
16404.74317467091, ,0.4
16419.888501844518, ,0.4
16812.15309022205, ,0.4
16953.92056365205, ,0.4
16590.81221532139, ,0.4
15847.476873969901, ,0.4
20711.554492085434, ,0.4
11644.984554301142, ,0.4
12094.420550510065, ,0.4
12471.364656097418, ,0.4
12412.950770120382, ,0.4
12678.196807425069, ,0.4
12701.824378229452, ,0.4
12181.808862955371, ,0.4
12422.930543057784, ,0.4
12609.114817666541, ,0.4
12570.31016633116, ,0.4
12329.455829011938, ,0.4
12275.602134876975, ,0.4
12585.168688986398, ,0.4
12701.824378229452, ,0.4
12290.078080790745, ,0.4
12329.455829011938, ,0.4
12516.150205942651, ,0.4
12235.726063805118, ,0.4
12369.140355637603, ,0.4
12329.455829011938, ,0.4
12678.196807425069, ,0.4
12663.210759189342, ,0.4
12530.944709732183, ,0.4
12437.597521266827, ,0.4
12477.154522312001, ,0.4
14995.693061959053, ,0.4
18254.243595600994, ,0.4
20766.350031772683, ,0.4
23834.340473297034, ,0.4
25252.49867807082, ,0.4
27241.17457659613, ,0.4
21022.960692319826, ,0.4
17521.845749417887, ,0.4
13234.414223030326, ,0.4
12106.204119007642, ,0.4
12412.950770120382, ,0.4
15643.895856718338, ,0.4
12858.029386253795, ,0.4
12550.809507685744, ,0.4
12653.880905776601, ,0.4
12491.88551938675, ,0.4
12343.995281640491, ,0.4
12663.210759189342, ,0.4
12624.036847036561, ,0.4
12477.154522312001, ,0.4
12437.597521266827, ,0.4
13224.295145041144, ,0.4
16235.200732240539, ,0.4
15676.11936865899, ,0.4
16846.31150835985, ,0.4
15501.551189195125, ,0.4
17506.896063897882, ,0.4
12892.633375696914, ,0.4
12634.506236258894, ,0.4
14837.831757841128, ,0.4
12733.753915538777, ,0.4
12590.122724890303, ,0.4
12412.950770120382, ,0.4
12731.92348813047, ,0.4
12329.455829011938, ,0.4
12422.930543057784, ,0.4
12383.743827131862, ,0.4
12422.930543057784, ,0.4
12716.87393317996, ,0.4
13359.592103676356, ,0.4
16705.25387611282, ,0.4
16752.464972741975, ,0.4
16114.849361917928, ,0.4
16076.842641724725, ,0.4
16219.694338664342, ,0.4
18414.391141451062, ,0.4
16688.061993840278, ,0.4
13703.341659168003, ,0.4
12495.140750670244, ,0.4
12595.00249890999, ,0.4
12333.505918532055, ,0.4
12638.95887640658, ,0.4
12716.87393317996, ,0.4
12809.45596816238, ,0.4
12383.743827131862, ,0.4
12491.88551938675, ,0.4
12530.944709732183, ,0.4
12383.743827131862, ,0.4
17222.650763704, ,0.4
15661.90922907564, ,0.4
12763.470960849252, ,0.4
12753.127048603705, ,0.4
12412.950770120382, ,0.4
12452.264499475867, ,0.4
12491.88551938675, ,0.4
12638.95887640658, ,0.4
12624.036847036561, ,0.4
12663.210759189342, ,0.4
12570.31016633116, ,0.4
12530.944709732183, ,0.4
12437.597521266827, ,0.4
12329.455829011938, ,0.4
13844.61234620011, ,0.4
21674.457641832953, ,0.4
11336.632310036457, ,0.4
13052.289256658349, ,0.4
26312.028830811618, ,0.4
11861.307886583116, ,0.4
11940.926869486164, ,0.4
12554.933346939155, ,0.4
21575.39484903723, ,0.4
11510.205892402697, ,0.4
12190.764334041454, ,0.4
12485.968127591677, ,0.4
17709.26123485193, ,0.4
18062.144489951792, ,0.4
12642.935216193402, ,0.4
12619.711732469365, ,0.4
12762.022598031488, ,0.4
12491.88551938675, ,0.4
12638.95887640658, ,0.4
12624.036847036561, ,0.4
12452.264499475867, ,0.4
12770.96987470276, ,0.4
18100.6981873336, ,0.4
18744.342838854514, ,0.4
14769.666518239528, ,0.4
22123.498257527266, ,0.4
20284.85492407024, ,0.4
20224.667971588577, ,0.4
20716.401488445877, ,0.4
20986.3347310222, ,0.4
21147.94805282151, ,0.4
22283.42045697005, ,0.4
22765.682254608204, ,0.4
22739.337210992264, ,0.4
26255.107864782884, ,0.4
26898.6787665705, ,0.4
31237.431912916567, ,0.4
33039.88051615537, ,0.4
27876.837868091567, ,0.4
24186.429894462122, ,0.4
30243.725957896168, ,0.4
2318.087788853122, ,0.4
1049.9134948096885, ,0.4
1947.002177704389, ,0.4
20594.186913055713, ,0.4
2805.3589346951526, ,0.4
4203.857714036569, ,0.4
4961.455946516756, ,0.4
4879.251625740976, ,0.4
15083.684688194788, ,0.4
23357.74818640593, ,0.4
21811.03292917861, ,0.4
21229.08505106821, ,0.4
20615.647061142703, ,0.4
20428.719143389888, ,0.4
31718.50500825626, ,0.4
33639.07149163088, ,0.4
34260.807350853924, ,0.4
34152.95143881555, ,0.4
32873.387420336374, ,0.4
16219.357855506185, ,0.4
17356.754922833352, ,0.4
16685.5596244175, ,0.4
29012.493622271497, ,0.4
33203.768812366456, ,0.4
33535.33122443111, ,0.4
35277.21695640881, ,0.4
36580.830045904186, ,0.4
36663.426162138094, ,0.4
35948.85885043183, ,0.4
27641.969550791455, ,0.4
29442.06686913056, ,0.4
24168.44264180203, ,0.4
14071.403019100719, ,0.4
12441.713678256354, ,0.4
12293.373771997367, ,0.4
12516.150205942651, ,0.4
12261.126188963206, ,0.4
12314.916376383388, ,0.4
12275.602134876975, ,0.4
12516.150205942651, ,0.4
13930.928214607087, ,0.4
12189.070138779372, ,0.4
16540.332059333745, ,0.4
18123.64050019945, ,0.4
12675.813257017047, ,0.4
12609.733495984738, ,0.4
12668.80293514662, ,0.4
12545.739213521714, ,0.4
12290.078080790745, ,0.4
12329.455829011938, ,0.4
12477.154522312001, ,0.4
12383.743827131862, ,0.4
16187.257259787686, ,0.4
17603.895400614118, ,0.4
13041.853669397107, ,0.4
12613.601259775318, ,0.4
12307.785699045431, ,0.4
12466.931477684908, ,0.4
12329.455829011938, ,0.4
12422.930543057784, ,0.4
12275.602134876975, ,0.4
12221.314136757053, ,0.4
12369.140355637603, ,0.4
12477.154522312001, ,0.4
12609.114817666541, ,0.4
12422.930543057784, ,0.4
12329.455829011938, ,0.4
12181.808862955371, ,0.4
15681.774539180127, ,0.4
17063.477328914534, ,0.4
17441.73458947528, ,0.4
17665.38116784326, ,0.4
17641.415577427946, ,0.4
17749.30221852185, ,0.4
17628.833053486338, ,0.4
17770.282481191498, ,0.4
13626.572284015325, ,0.4
12808.046528814964, ,0.4
12713.569023256678, ,0.4
12466.931477684908, ,0.4
12693.182855660796, ,0.4
12624.036847036561, ,0.4
12663.210759189342, ,0.4
12329.455829011938, ,0.4
12477.154522312001, ,0.4
12477.154522312001, ,0.4
12477.154522312001, ,0.4
12716.87393317996, ,0.4
12624.036847036561, ,0.4
12383.743827131862, ,0.4
12437.597521266827, ,0.4
12437.597521266827, ,0.4
12624.036847036561, ,0.4
12530.944709732183, ,0.4
12624.036847036561, ,0.4
12437.597521266827, ,0.4
12585.168688986398, ,0.4
12770.96987470276, ,0.4
12585.168688986398, ,0.4
12491.88551938675, ,0.4
12452.264499475867, ,0.4
12731.92348813047, ,0.4
12917.087558095309, ,0.4
12585.168688986398, ,0.4
12491.88551938675, ,0.4
12624.036847036561, ,0.4
12624.036847036561, ,0.4
12477.154522312001, ,0.4
12477.154522312001, ,0.4
12638.95887640658, ,0.4
12437.597521266827, ,0.4
12716.87393317996, ,0.4
12663.210759189342, ,0.4
12491.88551938675, ,0.4
12383.743827131862, ,0.4
12437.597521266827, ,0.4
12624.036847036561, ,0.4
12624.036847036561, ,0.4
10082.768537157806, ,0.4
12665.174857989245, ,0.4
12418.230534013006, ,0.4
12525.734598365447, ,0.4
12516.150205942651, ,0.4
12755.856300886544, ,0.4
12809.45596816238, ,0.4
12491.88551938675, ,0.4
12343.995281640491, ,0.4
12693.182855660796, ,0.4
12585.168688986398, ,0.4
12770.96987470276, ,0.4
12770.96987470276, ,0.4
12398.347298626122, ,0.4
12530.944709732183, ,0.4
12250.13799085318, ,0.4
12477.154522312001, ,0.4
15137.711489342622, ,0.4
16066.135102321956, ,0.4
15519.04370406103, ,0.4
12632.00284253427, ,0.4
23354.266072262373, ,0.4
25180.245449780607, ,0.4
13837.859124094362, ,0.4
12873.01543448952, ,0.4
12768.113096839432, ,0.4
12481.598455893949, ,0.4
12545.739213521714, ,0.4
12786.083448518975, ,0.4
12530.944709732183, ,0.4
12663.210759189342, ,0.4
12516.150205942651, ,0.4
12624.036847036561, ,0.4
12530.944709732183, ,0.4
12491.88551938675, ,0.4
12770.96987470276, ,0.4
14040.744640388877, ,0.4
16427.63478459512, ,0.4
16264.801007139966, ,0.4
13078.063251992173, ,0.4
13843.43952058035, ,0.4
14023.012438889764, ,0.4
13097.820498251342, ,0.4
12515.175070580195, ,0.4
15526.645048099668, ,0.4
12862.789316956874, ,0.4
12837.27037278403, ,0.4
12870.164290286371, ,0.4
12746.973043080978, ,0.4
12693.182855660796, ,0.4
12491.88551938675, ,0.4
12638.95887640658, ,0.4
12545.739213521714, ,0.4
12824.633048693377, ,0.4
12770.96987470276, ,0.4
12638.95887640658, ,0.4
12585.168688986398, ,0.4
12491.88551938675, ,0.4
12770.96987470276, ,0.4
14997.95164754121, ,0.4
13903.414954729724, ,0.4
20181.325663051848, ,0.4
21858.97435302776, ,0.4
20799.67313175073, ,0.4
21122.950478290986, ,0.4
22283.42045697005, ,0.4
22174.268803089763, ,0.4
12005.09221035836, ,0.4
21197.94320188255, ,0.4
22631.695378040822, ,0.4
22685.674037001652, ,0.4
22766.247669230128, ,0.4
23089.353445210287, ,0.4
22820.06858570585, ,0.4
9187.217843492863, ,0.4
28862.335068075485, ,0.4
24578.80920464701, ,0.4
22702.364011367044, ,0.4
1348.8498443061187, ,0.4
1140.3911016385737, ,0.4
2582.7248787072, ,0.4
31969.225933158315, ,0.4
21397.53149051767, ,0.4
15368.433432748594, ,0.4
20754.674527120424, ,0.4
21638.744333484854, ,0.4
20981.659817372776, ,0.4
21255.834693915418, ,0.4
21746.120872256804, ,0.4
21551.21210662944, ,0.4
20261.40250888244, ,0.4
18930.5895958762, ,0.4
11854.056853777625, ,0.4
12272.632171659077, ,0.4
18225.265584076245, ,0.4
20064.444627401506, ,0.4
22044.02165258155, ,0.4
22310.720662062336, ,0.4
22389.531982955617, ,0.4
25239.42346493873, ,0.4
27954.59364592707, ,0.4
29936.00007421357, ,0.4
34384.330471859146, ,0.4
33921.14475974904, ,0.4
24420.51871805338, ,0.4
2357.83787079727, ,0.4
13674.54955842927, ,0.4
12191.505416430884, ,0.4
12536.078510610994, ,0.4
13278.263048832529, ,0.4
22260.789531866998, ,0.4
13214.895126951587, ,0.4
13576.974564072592, ,0.4
15680.465993565065, ,0.4
23360.59216049612, ,0.4
29450.109687267115, ,0.4
17479.022761919783, ,0.4
21452.723947172308, ,0.4
22524.446364849366, ,0.4
19160.584284967732, ,0.4
22044.297189779554, ,0.4
28733.983900294075, ,0.4
31143.194093991482, ,0.4
33625.756591865575, ,0.4
33987.317732249816, ,0.4
34079.08800801507, ,0.4
34208.66628941437, ,0.4
33904.34518508554, ,0.4
33875.05322504337, ,0.4
32652.94793106488, ,0.4
32130.02903219323, ,0.4
30023.12309247939, ,0.4
24937.937628134365, ,0.4
23323.481192271895, ,0.4
22570.679765361438, ,0.4
22901.331060929344, ,0.4
3479.4202296909934, ,0.4
3405.204951204579, ,0.4
6227.42235791967, ,0.4
6046.201337931482, ,0.4
10818.464123151232, ,0.4
10983.670695844969, ,0.4
22283.42045697005, ,0.4
21644.252004539398, ,0.4
22257.42060307801, ,0.4
22416.97200525061, ,0.4
22171.21843217653, ,0.4
22442.587745948404, ,0.4
29706.28348307467, ,0.4
839.1106373553996, ,0.4
34064.88196563911, ,0.4
1877.0136808074437, ,0.4
1117.5414880902686, ,0.4
1058.3578392719648, ,0.4
773.3929670275302, ,0.4
7777.966455467222, ,0.4
8956.757609209904, ,0.4
35669.959893750914, ,0.4
28240.264262147062, ,0.4
17389.18534374797, ,0.4
21493.16645716795, ,0.4
423.0202757652502, ,0.4
49.45585413632414, ,0.4
2569.059667708749, ,0.4
2549.911368900186, ,0.4
13184.421122572985, ,0.4
15085.441365869798, ,0.4
15883.528201928933, ,0.4
24869.135272781245, ,0.4
3917.7148946631173, ,0.4
1214.1090815761725, ,0.4
317.27442554059945, ,0.4
320.3570619621449, ,0.4
45244.298793874914, ,0.4
11106.697542603228, ,0.4
18294.78904793269, ,0.4
19903.025410803024, ,0.4
20770.07849051149, ,0.4
21671.817503811177, ,0.4
1044.470354771778, ,0.4
1798.978268566534, ,0.4
22081.05170095952, ,0.4
23687.150345866154, ,0.4
12240.034277391765, ,0.4
23306.92335284532, ,0.4
27811.639006651392, ,0.4
12882.836952790896, ,0.4
12373.737422346325, ,0.4
12982.559908129786, ,0.4
13773.324522404768, ,0.4
12434.837539928445, ,0.4
12496.26543410299, ,0.4
12412.950770120382, ,0.4
12491.88551938675, ,0.4
12570.31016633116, ,0.4
12609.114817666541, ,0.4
12329.455829011938, ,0.4
12383.743827131862, ,0.4
12369.140355637603, ,0.4
12369.140355637603, ,0.4
12663.210759189342, ,0.4
12848.246791422767, ,0.4
15791.792240275705, ,0.4
17561.679824113842, ,0.4
14669.737678228523, ,0.4
17778.807233349107, ,0.4
14159.948792638013, ,0.4
12427.42927678878, ,0.4
13659.295655259424, ,0.4
20132.2226809033, ,0.4
20561.03692009054, ,0.4
19606.523314656253, ,0.4
18668.353469561614, ,0.4
19066.45248128427, ,0.4
16754.817794094455, ,0.4
12164.096635342357, ,0.4
12503.929260554562, ,0.4
12876.764891416273, ,0.4
17519.133910266522, ,0.4
13396.854156423651, ,0.4
18547.535529745724, ,0.4
21543.720875039813, ,0.4
22071.27730054331, ,0.4
22550.96400332724, ,0.4
22631.98013395549, ,0.4
22441.789814806227, ,0.4
3794.780235071477, ,0.4
33321.049325738815, ,0.4
3404.9514364963775, ,0.4
3758.178857018285, ,0.4
3016.310315917883, ,0.4
3118.522836906408, ,0.4
3051.766524501301, ,0.4
3439.0975630119574, ,0.4
3361.8908109687654, ,0.4
32357.986384902484, ,0.4
40011.21233661419, ,0.4
3690.596445170089, ,0.4
1359.9430333559067, ,0.4
955.704868487373, ,0.4
42430.706008747926, ,0.4
41267.072985951985, ,0.4
29847.05789585981, ,0.4
20844.56930619591, ,0.4
18078.82524560053, ,0.4
14108.877102331235, ,0.4
12826.83478552279, ,0.4
17613.634974767385, ,0.4
17944.785105336883, ,0.4
13600.787533512066, ,0.4
18414.331219792763, ,0.4
24238.554054921136, ,0.4
24768.907848780582, ,0.4
32230.375787359575, ,0.4
34113.895321375676, ,0.4
33634.25420002412, ,0.4
33915.17922576695, ,0.4
34150.48082275017, ,0.4
35072.67207111515, ,0.4
34627.19602586343, ,0.4
30987.853084578735, ,0.4
33295.34651938365, ,0.4
33280.63447189316, ,0.4
32654.14175487259, ,0.4
11692.395901942233, ,0.4
14650.007063817486, ,0.4
14795.73500035561, ,0.4
18646.00166671305, ,0.4
17467.363133946215, ,0.4
11668.957314829417, ,0.4
12588.192428051492, ,0.4
12184.594451840034, ,0.4
12073.539645119996, ,0.4
14463.121654591503, ,0.4
12336.609553141554, ,0.4
12250.13799085318, ,0.4
12127.45684596974, ,0.4
15050.916247669233, ,0.4
15460.36349960265, ,0.4
12521.693215411065, ,0.4
12267.899384955057, ,0.4
12762.022598031488, ,0.4
12398.347298626122, ,0.4
8755.6487444765, ,0.4
12339.933412649085, ,0.4
8413.496587721984, ,0.4
8097.733007412081, ,0.4
7724.205460649802, ,0.4
7380.521972627563, ,0.4
7317.868501287915, ,0.4
7300.649987167238, ,0.4
7192.508294912351, ,0.4
